"Game ID","Team","Player ID","Player","Lineup Position","Games","G","R","AB","H","2B","3B","TB","HR","RBI","BB","HBP","SF","SH","K","DP","CS","Picked","SB","RBI2out","P","C","1B","2B","3B","SS","LF","CF","RF","DH","PH","PR"
"0","High Point","1871441","Scavone, Gabe","13:1","1","0.0","0.0","1.0","0.0","0.0","0.0","0.0","0.0","0.0","1.0","0.0","0.0","0.0","1.0","0.0","0.0","0.0","0.0","0.0","0","0","0","0","0","0","0","0","0","1","0","0"
"0","High Point","1871442","Schunk, Blake","3:1, 9:1","2","0.0","1.0","8.0","0.0","0.0","0.0","0.0","0.0","0.0","1.0","0.0","0.0","0.0","2.0","0.0","0.0","0.0","0.0","0.0","0","0","0","0","2","0","0","0","0","0","0","0"
"0","High Point","1871443","Sergent, Jordan","7:1, 10:1","2","0.0","0.0","4.0","0.0","0.0","0.0","0.0","0.0","1.0","0.0","0.0","1.0","0.0","0.0","0.0","0.0","0.0","0.0","0.0","1","0","0","0","0","0","0","0","0","1","1","0"
"0","High Point","1871433","Murrah, Rion","13:1, 15:1","2","0.0","0.0","0.0","0.0","0.0","0.0","0.0","0.0","0.0","0.0","0.0","0.0","0.0","0.0","0.0","0.0","0.0","0.0","0.0","2","0","0","0","0","0","0","0","0","0","0","0"
"0","High Point","1871428","Johnson, Joe","5:1, 6:1, 11:1","3","0.0","1.0","10.0","2.0","0.0","1.0","4.0","0.0","0.0","1.0","0.0","0.0","0.0","1.0","0.0","0.0","0.0","1.0","0.0","0","0","0","0","0","0","1","0","1","1","1","0"
"0","High Point","1871429","Letchworth, Garrett","14:1, 15:1","2","0.0","0.0","0.0","0.0","0.0","0.0","0.0","0.0","0.0","0.0","0.0","0.0","0.0","0.0","0.0","0.0","0.0","0.0","0.0","2","0","0","0","0","0","0","0","0","0","0","0"
"0","High Point","1871430","Lyttle, Grey","16:1","1","0.0","0.0","0.0","0.0","0.0","0.0","0.0","0.0","0.0","0.0","0.0","0.0","0.0","0.0","0.0","0.0","0.0","0.0","0.0","1","0","0","0","0","0","0","0","0","0","0","0"
"0","High Point","1871424","Daczkowski, Drew","17:1","1","0.0","0.0","0.0","0.0","0.0","0.0","0.0","0.0","0.0","0.0","0.0","0.0","0.0","0.0","0.0","0.0","0.0","0.0","0.0","1","0","0","0","0","0","0","0","0","0","0","0"
"0","High Point","1976706","Kates, Jacob","8:1","1","0.0","0.0","4.0","0.0","0.0","0.0","0.0","0.0","0.0","0.0","0.0","0.0","0.0","2.0","0.0","0.0","0.0","0.0","0.0","0","0","1","0","0","0","0","0","0","0","0","0"
"0","High Point","1976703","Smith, Harrison","13:1","1","0.0","0.0","0.0","0.0","0.0","0.0","0.0","0.0","0.0","0.0","0.0","0.0","0.0","0.0","0.0","0.0","0.0","0.0","0.0","1","0","0","0","0","0","0","0","0","0","0","0"
"0","High Point","1649018","Zente, Austen","1:3","3","0.0","1.0","13.0","5.0","1.0","0.0","9.0","1.0","2.0","0.0","1.0","0.0","0.0","5.0","0.0","1.0","0.0","1.0","0.0","0","0","0","0","0","0","0","3","0","0","0","0"
"0","High Point","1976701","Millwee, Daniel","4:1, 11:1","2","0.0","0.0","2.0","1.0","0.0","0.0","1.0","0.0","0.0","0.0","0.0","0.0","0.0","1.0","0.0","0.0","0.0","0.0","0.0","0","0","0","0","0","0","0","0","0","0","2","0"
"0","High Point","1976698","Winger, Jacob","10:1, 11:1","2","0.0","1.0","1.0","0.0","0.0","0.0","0.0","0.0","0.0","0.0","0.0","0.0","0.0","1.0","0.0","0.0","0.0","1.0","0.0","0","0","0","0","0","0","0","0","0","1","0","2"
"0","High Point","1976695","Wells, Tanner","5:1, 6:2","3","0.0","0.0","7.0","1.0","0.0","0.0","1.0","0.0","0.0","1.0","0.0","0.0","0.0","1.0","0.0","0.0","0.0","0.0","0.0","0","0","0","0","0","0","3","0","0","0","0","0"
"0","High Point","1759795","Woodard, JJ","16:1, 7:1, 8:1","3","0.0","0.0","3.0","0.0","0.0","0.0","0.0","0.0","0.0","1.0","0.0","0.0","0.0","1.0","0.0","0.0","0.0","0.0","0.0","0","2","1","0","0","0","0","0","0","0","0","0"
"0","High Point","1649008","Brown, Spencer","9:2, 12:1","3","0.0","0.0","6.0","0.0","0.0","0.0","0.0","0.0","0.0","1.0","0.0","0.0","0.0","1.0","1.0","0.0","0.0","0.0","0.0","0","3","0","0","0","0","0","0","0","0","0","0"
"0","High Point","1976693","Holt, Travis","3:2, 5:1","3","0.0","0.0","11.0","3.0","0.0","0.0","3.0","0.0","0.0","0.0","0.0","0.0","1.0","2.0","1.0","0.0","0.0","0.0","0.0","0","0","2","0","1","0","0","0","0","0","0","0"
"0","High Point","1649015","Lee, Hunter","2:1, 4:1, 8:1","3","0.0","1.0","11.0","2.0","1.0","0.0","3.0","0.0","1.0","2.0","0.0","0.0","0.0","2.0","0.0","0.0","0.0","1.0","0.0","0","0","0","3","0","0","0","0","0","0","0","0"
"0","High Point","1649014","Jackson, Carson","4:1, 7:1","2","0.0","0.0","8.0","1.0","0.0","0.0","1.0","0.0","0.0","0.0","0.0","0.0","0.0","6.0","0.0","0.0","0.0","0.0","0.0","0","0","0","0","0","0","0","0","2","0","0","0"
"0","High Point","1759786","Dunbar, Conner","2:2, 10:1","3","0.0","0.0","10.0","3.0","0.0","0.0","3.0","0.0","1.0","3.0","0.0","0.0","0.0","2.0","0.0","0.0","0.0","1.0","0.0","0","0","0","0","0","3","0","0","0","0","0","0"
"0","High Point","1759790","Hodges, Matt","14:1","1","0.0","0.0","0.0","0.0","0.0","0.0","0.0","0.0","0.0","0.0","0.0","0.0","0.0","0.0","0.0","0.0","0.0","0.0","0.0","1","0","0","0","0","0","0","0","0","0","0","0"
"0","High Point","1759791","Jeffers, Cooper","16:1, 14:1","2","0.0","0.0","0.0","0.0","0.0","0.0","0.0","0.0","0.0","0.0","0.0","0.0","0.0","0.0","0.0","0.0","0.0","0.0","0.0","2","0","0","0","0","0","0","0","0","0","0","0"
"0","High Point","1759788","Gottfried, Andrew","17:1, 12:1","2","0.0","0.0","0.0","0.0","0.0","0.0","0.0","0.0","0.0","0.0","0.0","0.0","0.0","0.0","0.0","0.0","0.0","0.0","0.0","1","0","0","0","0","0","0","0","0","1","0","0"
"0","High Point","1976681","Dipino, Paul","12:1","1","0.0","0.0","0.0","0.0","0.0","0.0","0.0","0.0","0.0","0.0","0.0","0.0","0.0","0.0","0.0","0.0","0.0","0.0","0.0","0","0","0","0","0","0","0","0","0","0","0","1"
"0","High Point","1666786","Vizcaino, Jonny","15:1","1","0.0","0.0","0.0","0.0","0.0","0.0","0.0","0.0","0.0","0.0","0.0","0.0","0.0","0.0","0.0","0.0","0.0","0.0","0.0","1","0","0","0","0","0","0","0","0","0","0","0"
"0","UMass Lowell","1887038","Polichetti, John"
"0","UMass Lowell","1887039","Tomczyk, Luke"
"0","UMass Lowell","1768415","Constant, Ricky"
"0","UMass Lowell","1887034","Climo, Cam"
"0","UMass Lowell","1887035","Metelski, Connor"
"0","UMass Lowell","1768435","Young, Michael"
"0","UMass Lowell","1993492","Mejia, Jeff"
"0","UMass Lowell","1659315","Prada, Ben"
"0","UMass Lowell","1887031","Maiola, Colby"
"0","UMass Lowell","1768433","Tumosa, Mark"
"0","UMass Lowell","1993491","Maurice, Kyle"
"0","UMass Lowell","1659316","Ryan, Andrew"
"0","UMass Lowell","1993489","Funaro, Henry"
"0","UMass Lowell","1659304","Barry, Nick"
"0","UMass Lowell","1768430","Rand, Nick"
"0","UMass Lowell","1993510","Riley, Jack"
"0","UMass Lowell","1993508","Martin, Vinnie"
"0","UMass Lowell","1768416","Duffley, Collin"
"0","UMass Lowell","1768422","Olive, Russ"
"0","UMass Lowell","1887040","Leathersich, Ted"
"0","UMass Lowell","1768423","Passatempo, Steve"
"0","UMass Lowell","1993507","Castellanos, Joey"
"0","UMass Lowell","1768421","Marchena, Oscar"
"0","Col. of Charleston","1764731","Wondrack, Danny","4:1, 5:2","3","0.0","1.0","10.0","3.0","0.0","0.0","6.0","1.0","2.0","2.0","0.0","0.0","0.0","3.0","0.0","0.0","0.0","0.0","0.0","0","2","0","0","0","0","0","0","0","1","0","0"
"0","Col. of Charleston","1996991","Garrett, Cameron","6:2, 8:1","3","0.0","2.0","8.0","0.0","0.0","0.0","0.0","0.0","0.0","1.0","1.0","0.0","0.0","4.0","0.0","1.0","0.0","0.0","0.0","0","1","0","0","0","0","1","0","0","1","0","0"
"0","Col. of Charleston","1764728","Hart, Dupree","1:3","3","0.0","0.0","10.0","3.0","0.0","0.0","3.0","0.0","0.0","2.0","0.0","0.0","1.0","3.0","0.0","0.0","0.0","0.0","0.0","0","0","0","3","0","0","0","0","0","0","0","0"
"0","Col. of Charleston","1996988","Ward, Bryson","4:1","1","0.0","1.0","0.0","0.0","0.0","0.0","0.0","0.0","0.0","0.0","0.0","0.0","0.0","0.0","0.0","0.0","0.0","0.0","0.0","0","0","0","0","0","0","0","0","0","0","1","0"
"0","Col. of Charleston","1764734","Sisk, Evan","14:1","1","0.0","0.0","0.0","0.0","0.0","0.0","0.0","0.0","0.0","0.0","0.0","0.0","0.0","0.0","0.0","0.0","0.0","0.0","0.0","1","0","0","0","0","0","0","0","0","0","0","0"
"0","Col. of Charleston","1879321","Sechopoulos, Ari","5:1, 10:2","3","0.0","1.0","2.0","1.0","0.0","0.0","4.0","1.0","2.0","0.0","0.0","0.0","1.0","0.0","0.0","0.0","0.0","0.0","0.0","0","0","3","0","0","0","0","0","0","0","0","0"
"0","Col. of Charleston","1764732","Baker, Justin","12:1","1","0.0","0.0","0.0","0.0","0.0","0.0","0.0","0.0","0.0","0.0","0.0","0.0","0.0","0.0","0.0","0.0","0.0","0.0","0.0","1","0","0","0","0","0","0","0","0","0","0","0"
"0","Col. of Charleston","1879322","McLarty, Griffin","13:1","1","0.0","0.0","0.0","0.0","0.0","0.0","0.0","0.0","0.0","0.0","0.0","0.0","0.0","0.0","0.0","0.0","0.0","0.0","0.0","1","0","0","0","0","0","0","0","0","0","0","0"
"0","Col. of Charleston","1646992","Love, Carter","11:1, 13:1","2","0.0","0.0","0.0","0.0","0.0","0.0","0.0","0.0","0.0","0.0","0.0","0.0","0.0","0.0","0.0","0.0","0.0","0.0","0.0","2","0","0","0","0","0","0","0","0","0","0","0"
"0","Col. of Charleston","1764727","Manzo, Luke","9:3","3","0.0","0.0","9.0","4.0","0.0","0.0","4.0","0.0","1.0","0.0","0.0","0.0","1.0","1.0","0.0","1.0","0.0","3.0","0.0","0","0","0","0","0","3","0","0","0","0","0","0"
"0","Col. of Charleston","1646985","Richter, Tommy","7:1, 8:2","3","0.0","1.0","9.0","1.0","0.0","0.0","1.0","0.0","1.0","0.0","1.0","0.0","0.0","1.0","0.0","0.0","0.0","0.0","0.0","0","0","0","0","3","0","0","0","0","0","0","0"
"0","Col. of Charleston","1764745","Mundy, Joey","3:1, 10:1","2","0.0","1.0","1.0","1.0","0.0","0.0","1.0","0.0","0.0","0.0","0.0","0.0","0.0","0.0","0.0","0.0","0.0","0.0","0.0","0","0","0","0","0","0","2","0","0","0","0","0"
"0","Col. of Charleston","1646986","Dixon, Bradley","6:1, 7:2","3","0.0","1.0","10.0","2.0","0.0","0.0","2.0","0.0","0.0","1.0","0.0","0.0","0.0","3.0","0.0","0.0","0.0","0.0","0.0","0","0","0","0","0","0","0","0","3","0","0","0"
"0","Col. of Charleston","1646990","McRae, Logan","3:2, 4:1","3","0.0","0.0","11.0","1.0","1.0","0.0","2.0","0.0","1.0","0.0","0.0","1.0","0.0","4.0","0.0","0.0","0.0","0.0","0.0","0","0","0","0","0","0","2","0","0","1","0","0"
"0","Col. of Charleston","1764739","Ocker, Nathan","12:1","1","0.0","0.0","0.0","0.0","0.0","0.0","0.0","0.0","0.0","0.0","0.0","0.0","0.0","0.0","0.0","0.0","0.0","0.0","0.0","1","0","0","0","0","0","0","0","0","0","0","0"
"0","Col. of Charleston","1764737","Hunt, Clay","11:2","2","0.0","1.0","5.0","2.0","0.0","0.0","5.0","1.0","2.0","0.0","1.0","0.0","0.0","0.0","0.0","0.0","0.0","1.0","0.0","0","0","2","0","0","0","0","0","0","0","0","0"
"0","Col. of Charleston","1879335","Frishmuth, Jakob","12:1","1","0.0","0.0","0.0","0.0","0.0","0.0","0.0","0.0","0.0","0.0","0.0","0.0","0.0","0.0","0.0","0.0","0.0","0.0","0.0","1","0","0","0","0","0","0","0","0","0","0","0"
"0","Col. of Charleston","1879330","Morgan, Luke","2:3","3","0.0","2.0","12.0","3.0","0.0","0.0","3.0","0.0","0.0","1.0","0.0","0.0","0.0","0.0","2.0","0.0","0.0","3.0","0.0","0","0","0","0","0","0","0","3","0","0","0","0"
"0","Tennessee","1977496","Springer, Sam","20:1","1","0.0","0.0","0.0","0.0","0.0","0.0","0.0","0.0","0.0","0.0","0.0","0.0","0.0","0.0","0.0","0.0","0.0","0.0","0.0","1","0","0","0","0","0","0","0","0","0","0","0"
"0","Tennessee","1977492","Hunley, Sean","18:1","1","0.0","0.0","0.0","0.0","0.0","0.0","0.0","0.0","0.0","0.0","0.0","0.0","0.0","0.0","0.0","0.0","0.0","0.0","0.0","1","0","0","0","0","0","0","0","0","0","0","0"
"0","Tennessee","1977491","Daniels, Zach","12:1, 13:1","2","0.0","2.0","7.0","2.0","0.0","0.0","2.0","0.0","2.0","0.0","0.0","0.0","0.0","2.0","0.0","0.0","0.0","1.0","0.0","0","0","0","0","0","0","1","1","0","1","0","0"
"0","Tennessee","1649080","Jackson, Richard","18:1","1","0.0","0.0","0.0","0.0","0.0","0.0","0.0","0.0","0.0","0.0","0.0","0.0","0.0","0.0","0.0","0.0","0.0","0.0","0.0","1","0","0","0","0","0","0","0","0","0","0","0"
"0","Tennessee","1867967","Walsh, Redmond","17:1","1","0.0","0.0","0.0","0.0","0.0","0.0","0.0","0.0","0.0","0.0","0.0","0.0","0.0","0.0","0.0","0.0","0.0","0.0","0.0","1","0","0","0","0","0","0","0","0","0","0","0"
"0","Tennessee","1867960","Lipcius, Luc","1:1","1","0.0","0.0","0.0","0.0","0.0","0.0","0.0","0.0","0.0","0.0","0.0","0.0","0.0","0.0","0.0","0.0","0.0","0.0","0.0","0","0","1","0","0","0","0","0","0","0","0","0"
"0","Tennessee","1867961","Schultz, Andrew","21:1","1","0.0","0.0","0.0","0.0","0.0","0.0","0.0","0.0","0.0","0.0","0.0","0.0","0.0","0.0","0.0","0.0","0.0","0.0","0.0","1","0","0","0","0","0","0","0","0","0","0","0"
"0","Tennessee","1867963","Sosnowski, Alex","4:2","2","0.0","0.0","2.0","0.0","0.0","0.0","0.0","0.0","1.0","0.0","0.0","0.0","0.0","1.0","1.0","0.0","0.0","0.0","0.0","0","0","0","0","0","2","0","0","0","0","2","0"
"0","Tennessee","1867956","Gobbell, Cal","2:1, 11:1","2","0.0","0.0","1.0","0.0","0.0","0.0","0.0","0.0","0.0","1.0","0.0","0.0","0.0","1.0","0.0","0.0","0.0","0.0","0.0","0","0","0","0","0","0","0","0","1","0","1","0"
"0","Tennessee","1757619","Mascia, Nico","6:2","2","0.0","0.0","1.0","0.0","0.0","0.0","0.0","0.0","0.0","1.0","0.0","0.0","0.0","0.0","0.0","0.0","0.0","0.0","0.0","0","2","0","0","0","0","0","0","0","0","1","0"
"0","Tennessee","1867957","Heflin, Will","15:1","1","0.0","0.0","1.0","0.0","0.0","0.0","0.0","0.0","0.0","0.0","0.0","0.0","0.0","1.0","0.0","0.0","0.0","0.0","0.0","0","0","0","0","0","0","0","0","0","0","1","0"
"0","Tennessee","1867959","Lipcius, Andre","5:2","2","0.0","1.0","7.0","2.0","0.0","0.0","2.0","0.0","0.0","0.0","0.0","0.0","0.0","1.0","0.0","0.0","0.0","0.0","0.0","0","0","0","0","0","2","0","0","0","0","0","0"
"0","Tennessee","1649077","Santiago, Benito","7:2","2","0.0","2.0","6.0","4.0","1.0","0.0","5.0","0.0","0.0","0.0","1.0","0.0","0.0","1.0","0.0","0.0","0.0","0.0","0.0","0","2","0","0","0","0","0","0","0","0","0","0"
"0","Tennessee","1867952","Charleston, Jay","9:2","2","0.0","2.0","6.0","3.0","0.0","0.0","3.0","0.0","1.0","0.0","0.0","0.0","0.0","0.0","2.0","0.0","0.0","0.0","0.0","0","0","0","1","0","0","2","0","0","0","0","0"
"0","Tennessee","1867953","Chinea, Brandon","16:1, 13:1","2","0.0","1.0","6.0","1.0","1.0","0.0","2.0","0.0","1.0","1.0","0.0","0.0","0.0","1.0","0.0","0.0","0.0","0.0","0.0","0","0","0","2","1","0","0","0","0","0","0","0"
"0","Tennessee","1867954","Darling, Connor","15:1","1","0.0","0.0","0.0","0.0","0.0","0.0","0.0","0.0","0.0","0.0","0.0","0.0","0.0","0.0","0.0","0.0","0.0","0.0","0.0","1","0","0","0","0","0","0","0","0","0","0","0"
"0","Tennessee","1867955","Derkay, Pete","1:1, 2:1","2","0.0","0.0","7.0","3.0","1.0","0.0","4.0","0.0","3.0","1.0","1.0","0.0","0.0","0.0","0.0","0.0","0.0","0.0","0.0","0","0","2","0","0","0","0","0","0","0","0","0"
"0","Tennessee","1977457","Benoit, Donovan","17:1","1","0.0","0.0","0.0","0.0","0.0","0.0","0.0","0.0","0.0","0.0","0.0","0.0","0.0","0.0","0.0","0.0","0.0","0.0","0.0","1","0","0","0","0","0","0","0","0","0","0","0"
"0","Tennessee","1867951","Ammons, Justin","3:2","2","0.0","1.0","8.0","1.0","0.0","0.0","1.0","0.0","0.0","0.0","0.0","0.0","0.0","0.0","0.0","0.0","0.0","0.0","0.0","0","0","0","0","0","0","0","0","2","0","0","0"
"0","Tennessee","1757609","Harper-Cook, Alex","19:1","1","0.0","0.0","0.0","0.0","0.0","0.0","0.0","0.0","0.0","0.0","0.0","0.0","0.0","0.0","0.0","0.0","0.0","0.0","0.0","1","0","0","0","0","0","0","0","0","0","0","0"
"0","Tennessee","1977514","Trammell, Brandon","8:1, 14:1","2","0.0","1.0","4.0","1.0","0.0","0.0","4.0","1.0","2.0","2.0","0.0","0.0","0.0","2.0","0.0","0.0","0.0","0.0","0.0","0","0","0","0","0","0","1","0","0","1","1","0"
"0","Tennessee","1977512","Stapp, Wyatt","10:1, 12:1","2","0.0","1.0","4.0","1.0","1.0","0.0","2.0","0.0","0.0","2.0","0.0","0.0","0.0","1.0","0.0","0.0","0.0","0.0","0.0","0","0","0","0","2","0","0","0","0","0","0","0"
"0","Tennessee","1977510","Russell, Evan","8:1, 11:1","2","0.0","0.0","2.0","0.0","0.0","0.0","0.0","0.0","0.0","0.0","0.0","0.0","0.0","1.0","1.0","0.0","0.0","0.0","0.0","0","0","0","1","0","0","0","0","0","0","2","0"
"0","Tennessee","1977509","Plummer, Joshua","16:1","1","0.0","0.0","0.0","0.0","0.0","0.0","0.0","0.0","0.0","0.0","0.0","0.0","0.0","0.0","0.0","0.0","0.0","0.0","0.0","1","0","0","0","0","0","0","0","0","0","0","0"
"0","Tennessee","1649063","Leftridge, Brodie","10:1, 14:1","2","0.0","1.0","4.0","1.0","0.0","0.0","1.0","0.0","0.0","0.0","1.0","0.0","0.0","1.0","0.0","1.0","0.0","0.0","0.0","0","0","0","0","0","0","0","2","0","0","1","0"
"0","NC State","1997134","Swiney, Nick","19:1","1","0.0","0.0","0.0","0.0","0.0","0.0","0.0","0.0","0.0","0.0","0.0","0.0","0.0","0.0","0.0","0.0","0.0","0.0","0.0","1","0","0","0","0","0","0","0","0","0","0","0"
"0","NC State","1997131","Bailey, Patrick","4:1, 8:1","2","0.0","2.0","4.0","3.0","1.0","0.0","7.0","1.0","2.0","2.0","0.0","1.0","0.0","0.0","0.0","0.0","0.0","0.0","0.0","0","1","0","0","0","0","0","0","0","1","0","0"
"0","NC State","1772035","Conley, Jack","12:1","1","0.0","2.0","5.0","3.0","0.0","0.0","6.0","1.0","3.0","0.0","0.0","0.0","0.0","1.0","0.0","0.0","0.0","0.0","0.0","0","1","0","0","0","0","0","0","0","0","0","0"
"0","NC State","1772038","Kinneman, Brett","5:1, 10:1","2","0.0","2.0","4.0","2.0","1.0","0.0","6.0","1.0","3.0","4.0","0.0","1.0","0.0","0.0","0.0","0.0","0.0","0.0","0.0","0","0","0","0","0","0","2","0","0","0","0","0"
"0","NC State","1772036","Cooper, Dillon","13:1","1","0.0","1.0","1.0","0.0","0.0","0.0","0.0","0.0","0.0","1.0","0.0","0.0","0.0","0.0","0.0","0.0","0.0","0.0","0.0","0","0","0","0","1","0","0","0","0","0","0","1"
"0","NC State","1997174","Clenney, Nolan","10:1","1","0.0","0.0","0.0","0.0","0.0","0.0","0.0","0.0","0.0","0.0","0.0","0.0","0.0","0.0","0.0","0.0","0.0","0.0","0.0","1","0","0","0","0","0","0","0","0","0","0","0"
"0","NC State","1887220","Klyman, Kent","11:1","1","0.0","0.0","0.0","0.0","0.0","0.0","0.0","0.0","0.0","0.0","0.0","0.0","0.0","0.0","0.0","0.0","0.0","0.0","0.0","1","0","0","0","0","0","0","0","0","0","0","0"
"0","NC State","1997175","Jarrett, J.T.","16:1, 9:1","2","0.0","1.0","4.0","1.0","0.0","0.0","1.0","0.0","0.0","1.0","0.0","0.0","1.0","0.0","0.0","0.0","0.0","0.0","0.0","0","0","0","2","0","0","0","0","0","0","0","0"
"0","NC State","1997173","Justice, Evan","13:1","1","0.0","0.0","0.0","0.0","0.0","0.0","0.0","0.0","0.0","0.0","0.0","0.0","0.0","0.0","0.0","0.0","0.0","0.0","0.0","1","0","0","0","0","0","0","0","0","0","0","0"
"0","NC State","1887216","Bienlien, Michael","20:1","1","0.0","0.0","0.0","0.0","0.0","0.0","0.0","0.0","0.0","0.0","0.0","0.0","0.0","0.0","0.0","0.0","0.0","0.0","0.0","1","0","0","0","0","0","0","0","0","0","0","0"
"0","NC State","1887218","Gauthier, Mathieu","17:1","1","0.0","0.0","0.0","0.0","0.0","0.0","0.0","0.0","0.0","0.0","0.0","0.0","0.0","0.0","0.0","0.0","0.0","0.0","0.0","1","0","0","0","0","0","0","0","0","0","0","0"
"0","NC State","1997168","Harrison, David","21:1","1","0.0","0.0","0.0","0.0","0.0","0.0","0.0","0.0","0.0","0.0","0.0","0.0","0.0","0.0","0.0","0.0","0.0","0.0","0.0","1","0","0","0","0","0","0","0","0","0","0","0"
"0","NC State","1997169","Edwards, Evan","7:1, 14:1","2","0.0","0.0","7.0","2.0","1.0","0.0","3.0","0.0","0.0","0.0","0.0","0.0","0.0","1.0","0.0","0.0","0.0","0.0","0.0","0","0","2","0","0","0","0","0","0","0","0","0"
"0","NC State","1887212","McArthur, Lawson","3:1","1","0.0","0.0","1.0","0.0","0.0","0.0","0.0","0.0","0.0","0.0","1.0","0.0","0.0","0.0","0.0","0.0","0.0","0.0","0.0","0","0","0","0","0","0","0","1","0","0","1","0"
"0","NC State","1660584","McLain, Josh","2:1, 4:1","2","0.0","2.0","7.0","2.0","0.0","0.0","2.0","0.0","1.0","1.0","0.0","0.0","0.0","0.0","0.0","0.0","0.0","0.0","0.0","0","0","0","0","0","0","0","2","0","0","0","0"
"0","NC State","1887213","Debo, Brad","7:1","1","0.0","0.0","3.0","0.0","0.0","0.0","0.0","0.0","0.0","0.0","0.0","0.0","0.0","1.0","1.0","0.0","0.0","0.0","0.0","0","0","0","0","0","0","0","0","0","1","1","0"
"0","NC State","1660587","Pitarra, Stephen","1:1, 2:1","2","0.0","4.0","7.0","3.0","1.0","0.0","4.0","0.0","0.0","2.0","0.0","0.0","0.0","0.0","0.0","0.0","0.0","0.0","0.0","0","0","0","0","2","0","0","0","0","0","0","0"
"0","NC State","1660589","Staley, Austin","18:1","1","0.0","0.0","0.0","0.0","0.0","0.0","0.0","0.0","0.0","0.0","0.0","0.0","0.0","0.0","0.0","0.0","0.0","0.0","0.0","1","0","0","0","0","0","0","0","0","0","0","0"
"0","NC State","1660588","Shepard, Shane","15:1","1","0.0","0.0","2.0","1.0","1.0","0.0","2.0","0.0","1.0","0.0","0.0","1.0","0.0","1.0","0.0","0.0","0.0","0.0","0.0","0","0","1","0","0","0","0","0","0","0","1","0"
"0","NC State","1997160","Brown, Devonte","5:1","1","0.0","0.0","0.0","0.0","0.0","0.0","0.0","0.0","0.0","1.0","0.0","0.0","0.0","0.0","0.0","0.0","0.0","0.0","0.0","0","0","0","0","1","0","0","0","0","0","0","0"
"0","NC State","1887211","Wilson, Will","3:1, 6:1","2","0.0","3.0","8.0","5.0","2.0","0.0","7.0","0.0","6.0","0.0","0.0","1.0","0.0","0.0","0.0","0.0","0.0","0.0","0.0","0","0","0","0","0","2","0","0","0","0","0","0"
"0","NC State","1997158","Vazquez, David","1:1","1","0.0","0.0","1.0","0.0","0.0","0.0","0.0","0.0","1.0","0.0","0.0","1.0","0.0","1.0","0.0","0.0","0.0","0.0","0.0","0","0","0","1","0","1","0","0","0","0","0","0"
"0","NC State","1541742","O'Donnell, Joe","12:1","1","0.0","0.0","0.0","0.0","0.0","0.0","0.0","0.0","0.0","0.0","0.0","0.0","0.0","0.0","0.0","0.0","0.0","0.0","0.0","1","0","0","0","0","0","0","0","0","0","0","0"
"0","NC State","1997156","Tatum, Terrell","8:1, 9:1","2","0.0","1.0","4.0","0.0","0.0","0.0","0.0","0.0","0.0","1.0","0.0","0.0","0.0","4.0","0.0","0.0","0.0","0.0","0.0","0","0","0","0","0","0","1","0","0","1","1","0"
"0","NC State","1660578","Deatherage, Brock","6:1, 11:1","2","0.0","3.0","9.0","3.0","1.0","0.0","7.0","1.0","3.0","1.0","0.0","0.0","0.0","0.0","0.0","0.0","0.0","1.0","0.0","0","0","0","0","0","0","0","0","2","0","0","0"
"0","St. Bonaventure","1888508","Vincent, Casey"
"0","St. Bonaventure","1980959","Foden, Jake"
"0","St. Bonaventure","1666040","Eastman, Matt"
"0","St. Bonaventure","1888509","Moffat, Donovan"
"0","St. Bonaventure","1980954","Magnanti, Mike"
"0","St. Bonaventure","1888507","O'Brien, Murphy"
"0","St. Bonaventure","1666033","Contento, Ben"
"0","St. Bonaventure","1769586","MacDonald, Ben"
"0","St. Bonaventure","1666032","Grant, Nate"
"0","St. Bonaventure","1888501","Wild, Roman"
"0","St. Bonaventure","1888503","MacCarrick, Ryan"
"0","St. Bonaventure","1666036","Schutz, Alex"
"0","St. Bonaventure","1769588","Fuller, Sam"
"0","St. Bonaventure","1666029","O'Connor, Ryan"
"0","St. Bonaventure","1980971","Palczewski, Jeff"
"0","St. Bonaventure","1769582","Ferlenda, Alexander"
"0","St. Bonaventure","1769581","Vaccaro, David"
"0","St. Bonaventure","1980969","Henshaw, Brandon"
"0","St. Bonaventure","1980997","Stauffer, Daniel"
"0","St. Bonaventure","1980994","Nelson, Braydon"
"0","St. Bonaventure","1888513","Pulli, Brian"
"0","St. Bonaventure","1980960","Kelder, Tyler"
"0","St. Bonaventure","1888515","Miknis, Jake"
"0","Elon","1864124","Satterfield, Joe"
"0","Elon","1759226","Adcock, Ty"
"0","Elon","1864125","Stanley, Tyler"
"0","Elon","1864126","Stonehouse, Garrett"
"0","Elon","1984380","Wetherbee, Jared"
"0","Elon","1864120","Evers, Zach"
"0","Elon","1653181","Venuto, James"
"0","Elon","1984379","Oldham, Matt"
"0","Elon","1759231","Devanney, Cam"
"0","Elon","1864121","Kirby, George"
"0","Elon","1864123","Platt, Hayden"
"0","Elon","1759229","Conroy, Ryan"
"0","Elon","1864117","Blake, Shawn"
"0","Elon","1864119","Brnovich, Kyle"
"0","Elon","1759240","O'Regan, Liam"
"0","Elon","1759241","Ogren, Ryne"
"0","Elon","1984394","Broughton, Josh"
"0","Elon","1543842","Welhaf, Robbie"
"0","Elon","1984395","Justice, Brandon"
"0","Elon","1759235","Lorenz, Owen"
"0","Fordham","1870172","Baker, Jake"
"0","Fordham","1759707","Cowell, Mike"
"0","Fordham","1870174","Doria, Domenico"
"0","Fordham","1766072","Zimmerman, Anthony"
"0","Fordham","1759705","Bardwell, Justin"
"0","Fordham","1870168","Melendez, Alvin"
"0","Fordham","1759710","Goulard, Brian"
"0","Fordham","1987803","Quintal, Joseph"
"0","Fordham","1759711","Knehr, Reiss"
"0","Fordham","1870169","Martin, Kyle"
"0","Fordham","1870170","Tarabek, Matt"
"0","Fordham","1870171","Machado, Justin"
"0","Fordham","1759709","DiMeglio, Anthony"
"0","Fordham","1977586","Labella, Nick"
"0","Fordham","1987826","Vazquez, C.J."
"0","Fordham","1987827","Spampinato, David"
"0","Fordham","1640523","Greenberg, Ben"
"0","Fordham","1977580","Mikulski, Matt"
"0","Fordham","1987814","Snelling, Colton"
"0","Fordham","1977574","MacKenzie, Jake"
"0","Fordham","1870180","Bisogno, Marc"
"0","Fordham","1977573","Brown, Casey"
"0","Fordham","1870177","Godrick, Billy"
"0","Fordham","1870179","Weissert, Brian"
"0","UNCW","1973852","Sheaffer, David"
"0","UNCW","1973850","Herring, Gage"
"0","UNCW","1973848","Morgan, Blake"
"0","UNCW","1973846","Brown, Kep"
"0","UNCW","1973840","Jones, Greg"
"0","UNCW","1973839","Angeli, Doug"
"0","UNCW","1896907","Gesell, Levi"
"0","UNCW","1973822","Braswell, Brycen"
"0","UNCW","1761659","Deatherage, Blake"
"0","UNCW","1638651","Easter, Austin"
"0","UNCW","1973821","Liles, Noah"
"0","UNCW","1761657","Jeffers, Ryan"
"0","UNCW","1638655","Canada, Zach"
"0","UNCW","1761650","Cota, Clark"
"0","UNCW","1761651","Royalty, Alex"
"0","UNCW","1863919","Berne, Mason"
"0","UNCW","1973869","Walke, Justin"
"0","UNCW","1973866","Bridges, Noah"
"0","UNCW","1863913","Beehler, Logan"
"0","UNCW","1973867","Ryan, Henry"
"0","UNCW","1863915","Joyner, Chris"
"0","UNCW","1863908","Meadows, Jackson"
"0","UNCW","1863909","Weiss, Cole"
"0","UNCW","1863910","Gesell, Luke"
"0","UNCW","1863911","Warren, Austin"
"0","Liberty","1877756","McDyre, Trey","2:1","1","0.0","0.0","4.0","0.0","0.0","0.0","0.0","0.0","1.0","0.0","0.0","0.0","0.0","1.0","0.0","0.0","0.0","0.0","0.0","0","0","0","1","1","0","0","0","0","0","0","0"
"0","Liberty","1877757","Clinton, Zach","13:1","1","0.0","0.0","0.0","0.0","0.0","0.0","0.0","0.0","0.0","0.0","0.0","0.0","0.0","0.0","0.0","0.0","0.0","0.0","0.0","1","0","0","0","0","0","0","0","0","0","0","0"
"0","Liberty","1995289","Wagner, Will","11:1","1","0.0","1.0","3.0","1.0","0.0","0.0","1.0","0.0","0.0","0.0","0.0","0.0","0.0","1.0","0.0","0.0","0.0","1.0","0.0","0","0","0","1","0","0","0","0","0","0","0","0"
"0","Liberty","1995287","Brockman, Zach","12:1","1","0.0","0.0","0.0","0.0","0.0","0.0","0.0","0.0","0.0","0.0","0.0","0.0","0.0","0.0","0.0","0.0","0.0","0.0","0.0","1","0","0","0","0","0","0","0","0","0","0","0"
"0","Liberty","1529693","Yacyk, Andrew","7:1","1","0.0","0.0","3.0","0.0","0.0","0.0","0.0","0.0","0.0","0.0","0.0","0.0","0.0","1.0","0.0","0.0","0.0","0.0","0.0","0","0","0","0","0","0","0","0","0","1","0","0"
"0","Liberty","1877776","Embry, Jonathan","3:1","1","0.0","1.0","3.0","3.0","0.0","0.0","3.0","0.0","1.0","0.0","1.0","0.0","0.0","0.0","0.0","0.0","0.0","0.0","0.0","0","1","0","0","0","0","0","0","0","0","0","0"
"0","Liberty","1877772","Locklear, Cam","9:1","1","0.0","0.0","3.0","0.0","0.0","0.0","0.0","0.0","0.0","0.0","0.0","0.0","0.0","2.0","0.0","0.0","0.0","0.0","0.0","0","0","0","0","0","1","0","0","0","0","0","0"
"0","Liberty","1995278","Stamper, Brady","16:1","1","0.0","0.0","0.0","0.0","0.0","0.0","0.0","0.0","0.0","0.0","0.0","0.0","0.0","0.0","0.0","0.0","0.0","0.0","0.0","1","0","0","0","0","0","0","0","0","0","0","0"
"0","Liberty","1752971","Artis, D.J.","1:1","1","0.0","1.0","3.0","0.0","0.0","0.0","0.0","0.0","0.0","1.0","0.0","0.0","0.0","2.0","0.0","0.0","0.0","1.0","0.0","0","0","0","0","0","0","0","1","0","0","0","0"
"0","Liberty","1877773","Highfill, Ben","10:1","1","0.0","0.0","0.0","0.0","0.0","0.0","0.0","0.0","0.0","0.0","0.0","0.0","0.0","0.0","0.0","0.0","0.0","0.0","0.0","0","0","0","0","1","0","0","0","0","0","0","0"
"0","Liberty","1877775","Tarantola, Vinnie","14:1","1","0.0","0.0","0.0","0.0","0.0","0.0","0.0","0.0","0.0","0.0","0.0","0.0","0.0","0.0","0.0","0.0","0.0","0.0","0.0","1","0","0","0","0","0","0","0","0","0","0","0"
"0","Liberty","1995274","Good, Ben","15:1","1","0.0","0.0","0.0","0.0","0.0","0.0","0.0","0.0","0.0","0.0","0.0","0.0","0.0","0.0","0.0","0.0","0.0","0.0","0.0","1","0","0","0","0","0","0","0","0","0","0","0"
"0","Liberty","1887209","Reese, E.P.","6:1","1","0.0","0.0","1.0","0.0","0.0","0.0","0.0","0.0","0.0","0.0","0.0","0.0","0.0","0.0","0.0","0.0","0.0","0.0","0.0","0","0","0","0","0","0","0","0","0","0","1","0"
"0","Liberty","1995270","Rohrer, Brandon","8:1","1","0.0","0.0","4.0","2.0","0.0","0.0","2.0","0.0","0.0","0.0","0.0","0.0","0.0","1.0","0.0","0.0","0.0","0.0","0.0","0","0","0","0","0","0","0","0","1","0","0","0"
"0","Liberty","1995271","Todd, Tre","5:1","1","0.0","1.0","4.0","1.0","0.0","0.0","4.0","1.0","2.0","0.0","0.0","0.0","0.0","2.0","0.0","0.0","0.0","0.0","0.0","0","0","0","0","0","0","1","0","0","0","0","0"
"0","Liberty","1529674","Allen, Dylan","4:1","1","0.0","0.0","3.0","1.0","0.0","0.0","1.0","0.0","0.0","0.0","0.0","0.0","1.0","1.0","0.0","0.0","0.0","0.0","0.0","0","0","1","0","0","0","0","0","0","0","0","0"
"0","William & Mary","1882332","Goldak, Michael"
"0","William & Mary","1976189","Lipke, Colin"
"0","William & Mary","1882328","Strain, Wade"
"0","William & Mary","1976187","McDermott, Matt"
"0","William & Mary","1882329","Farrell, Chris"
"0","William & Mary","1882330","Trehub, Matthew"
"0","William & Mary","1976214","Prosperi, Randall"
"0","William & Mary","1882325","Raquet, Brandon"
"0","William & Mary","1755792","Socher, Owen"
"0","William & Mary","1882326","Ryan, Patrick"
"0","William & Mary","1755793","Waldman, Jason"
"0","William & Mary","1976210","Pearson, Justin"
"0","William & Mary","1976209","Hogarth, David"
"0","William & Mary","1755786","Butts, Nick"
"0","William & Mary","1649928","Toner, Michael"
"0","William & Mary","1755790","Sheehan, Bodie"
"0","William & Mary","1755791","Smith, Hunter"
"0","William & Mary","1755789","Pearson, Zach"
"0","William & Mary","1649921","Hall, Ryan"
"0","William & Mary","1649923","McLane, Craig"
"0","William & Mary","1882336","Lacasio, Noah"
"0","William & Mary","1649925","Lohr, Christopher"
"0","William & Mary","1649927","Farina, Luca"
"0","William & Mary","1649926","Fletcher, Charlie"
"0","Longwood","1978558","Mahone, Tyler","9:1","1","0.0","1.0","0.0","0.0","0.0","0.0","0.0","0.0","0.0","1.0","0.0","0.0","0.0","0.0","0.0","0.0","0.0","0.0","0.0","0","0","0","0","0","0","0","0","0","0","1","0"
"0","Longwood","1978559","Schnell, Jack","7:1","1","0.0","0.0","1.0","0.0","0.0","0.0","0.0","0.0","0.0","1.0","0.0","0.0","0.0","1.0","0.0","0.0","0.0","0.0","0.0","0","0","0","0","0","0","0","0","0","1","0","0"
"0","Longwood","1978556","Knapp, Tyler","19:1","1","0.0","0.0","0.0","0.0","0.0","0.0","0.0","0.0","0.0","0.0","0.0","0.0","0.0","0.0","0.0","0.0","0.0","0.0","0.0","1","0","0","0","0","0","0","0","0","0","0","0"
"0","Longwood","1978522","Green, Tommy","15:1","1","0.0","0.0","0.0","0.0","0.0","0.0","0.0","0.0","0.0","0.0","0.0","0.0","0.0","0.0","0.0","0.0","0.0","0.0","0.0","1","0","0","0","0","0","0","0","0","0","0","0"
"0","Longwood","1978554","Campbell, Maceo","18:1","1","0.0","0.0","0.0","0.0","0.0","0.0","0.0","0.0","0.0","0.0","0.0","0.0","0.0","0.0","0.0","0.0","0.0","0.0","0.0","1","0","0","0","0","0","0","0","0","0","0","0"
"0","Longwood","1869940","Blakeney, Nate","4:1","1","0.0","0.0","4.0","0.0","0.0","0.0","0.0","0.0","0.0","1.0","0.0","0.0","0.0","1.0","0.0","0.0","0.0","0.0","0.0","0","0","0","1","0","0","0","0","0","0","0","0"
"0","Longwood","1869941","Tucker, Antwaun","2:1","1","0.0","0.0","4.0","1.0","0.0","0.0","1.0","0.0","2.0","0.0","0.0","0.0","1.0","0.0","0.0","0.0","0.0","1.0","0.0","0","0","0","0","0","1","0","0","0","0","0","0"
"0","Longwood","1869943","Keller, Grant","5:1","1","0.0","0.0","5.0","1.0","0.0","0.0","1.0","0.0","0.0","0.0","0.0","0.0","0.0","1.0","0.0","0.0","0.0","0.0","0.0","0","0","0","0","1","0","0","0","0","0","0","0"
"0","Longwood","1869936","Crain, Eric","6:1","1","0.0","1.0","2.0","0.0","0.0","0.0","0.0","0.0","0.0","0.0","0.0","0.0","0.0","0.0","1.0","0.0","0.0","0.0","0.0","0","0","0","0","0","0","0","0","0","1","1","0"
"0","Longwood","1869937","Carter, Scott","11:1","1","0.0","0.0","0.0","0.0","0.0","0.0","0.0","0.0","0.0","0.0","0.0","0.0","0.0","0.0","0.0","0.0","0.0","0.0","0.0","0","0","0","0","0","0","0","0","0","0","0","1"
"0","Longwood","1869938","McAllister, Jawan","10:1","1","0.0","0.0","3.0","0.0","0.0","0.0","0.0","0.0","0.0","0.0","0.0","0.0","0.0","1.0","0.0","0.0","0.0","0.0","0.0","0","0","0","0","0","0","1","0","0","0","0","0"
"0","Longwood","1547288","McCafferty, Mac","13:1","1","0.0","0.0","2.0","1.0","0.0","0.0","1.0","0.0","0.0","0.0","0.0","0.0","0.0","0.0","0.0","0.0","0.0","0.0","0.0","0","1","0","0","0","0","0","0","0","0","0","0"
"0","Longwood","1869939","Gregory, John","16:1","1","0.0","0.0","0.0","0.0","0.0","0.0","0.0","0.0","0.0","0.0","0.0","0.0","0.0","0.0","0.0","0.0","0.0","0.0","0.0","1","0","0","0","0","0","0","0","0","0","0","0"
"0","Longwood","1869935","Mendez, Joey","12:1","1","0.0","1.0","1.0","1.0","0.0","0.0","1.0","0.0","0.0","1.0","0.0","0.0","0.0","0.0","0.0","0.0","0.0","0.0","0.0","0","1","0","0","0","0","0","0","0","0","0","0"
"0","Longwood","1869956","Mitchell, Justin","3:1","1","0.0","1.0","4.0","1.0","0.0","0.0","4.0","1.0","1.0","1.0","0.0","0.0","0.0","0.0","0.0","0.0","0.0","0.0","0.0","0","0","1","0","0","0","0","0","0","0","0","0"
"0","Longwood","1640032","Catlin, Michael","14:1","1","0.0","0.0","0.0","0.0","0.0","0.0","0.0","0.0","0.0","0.0","0.0","0.0","0.0","0.0","0.0","0.0","0.0","0.0","0.0","1","0","0","0","0","0","0","0","0","0","0","0"
"0","Longwood","1640036","Miller, Sammy","1:1","1","0.0","1.0","5.0","3.0","0.0","0.0","3.0","0.0","1.0","0.0","0.0","0.0","0.0","0.0","0.0","0.0","0.0","2.0","0.0","0","0","0","0","0","0","0","1","0","0","0","0"
"0","Longwood","1640039","Potojecki, Zach","20:1","1","0.0","0.0","0.0","0.0","0.0","0.0","0.0","0.0","0.0","0.0","0.0","0.0","0.0","0.0","0.0","0.0","0.0","0.0","0.0","1","0","0","0","0","0","0","0","0","0","0","0"
"0","Longwood","1869955","Shull, Ryan","8:1","1","0.0","0.0","4.0","1.0","0.0","0.0","1.0","0.0","0.0","0.0","0.0","0.0","0.0","1.0","0.0","0.0","0.0","0.0","0.0","0","0","0","0","0","0","0","0","1","0","0","0"
"0","Longwood","1978561","Moxey, Todd","17:1","1","0.0","0.0","0.0","0.0","0.0","0.0","0.0","0.0","0.0","0.0","0.0","0.0","0.0","0.0","0.0","0.0","0.0","0.0","0.0","1","0","0","0","0","0","0","0","0","0","0","0"
"0","Delaware","1527603","Niggebrugge, Austin","9:2, 12:1","3","0.0","1.0","8.0","3.0","0.0","0.0","3.0","0.0","0.0","1.0","0.0","0.0","0.0","3.0","0.0","1.0","0.0","1.0","0.0","0","0","0","0","0","0","0","0","0","3","0","0"
"0","Delaware","1527602","Nardo, Diaz","5:3","3","0.0","2.0","12.0","3.0","0.0","0.0","3.0","0.0","0.0","0.0","0.0","0.0","0.0","3.0","0.0","0.0","0.0","0.0","0.0","0","0","0","0","3","0","0","0","0","0","0","0"
"0","Delaware","1639487","Mohollen, Kevin","1:3","3","0.0","2.0","13.0","4.0","1.0","0.0","5.0","0.0","0.0","0.0","0.0","0.0","0.0","4.0","0.0","1.0","0.0","1.0","0.0","0","0","0","0","0","0","0","3","0","0","0","0"
"0","Delaware","1973398","Werkheiser, Ben","8:1","1","0.0","0.0","1.0","0.0","0.0","0.0","0.0","0.0","0.0","0.0","0.0","0.0","0.0","1.0","0.0","0.0","0.0","0.0","0.0","0","0","0","0","0","0","0","0","0","0","1","0"
"0","Delaware","1751507","Baker, Kyle","3:3","3","0.0","2.0","13.0","3.0","0.0","0.0","3.0","0.0","2.0","0.0","0.0","0.0","0.0","1.0","1.0","0.0","0.0","0.0","0.0","0","0","0","0","0","0","0","0","3","0","0","0"
"0","Delaware","1751536","Patten, Nick","4:3","3","0.0","2.0","13.0","6.0","2.0","0.0","11.0","1.0","1.0","0.0","0.0","0.0","0.0","4.0","0.0","0.0","0.0","1.0","0.0","0","0","3","0","0","0","0","0","0","0","0","0"
"0","Delaware","1973397","Ludman, Chris","16:1","1","0.0","0.0","0.0","0.0","0.0","0.0","0.0","0.0","0.0","0.0","0.0","0.0","0.0","0.0","0.0","0.0","0.0","0.0","0.0","1","0","0","0","0","0","0","0","0","0","0","0"
"0","Delaware","1973394","Miller, Zach","8:2, 10:1","3","0.0","0.0","8.0","1.0","1.0","0.0","2.0","0.0","1.0","1.0","0.0","0.0","0.0","4.0","0.0","0.0","0.0","0.0","0.0","0","3","0","0","0","0","0","0","0","0","0","0"
"0","Delaware","1751510","Benjamin, Cole","13:1","1","0.0","0.0","0.0","0.0","0.0","0.0","0.0","0.0","0.0","0.0","0.0","0.0","0.0","0.0","0.0","0.0","0.0","0.0","0.0","1","0","0","0","0","0","0","0","0","0","0","0"
"0","Delaware","1973395","Rykaczewski, Matt","9:1","1","0.0","0.0","0.0","0.0","0.0","0.0","0.0","0.0","0.0","0.0","0.0","0.0","0.0","0.0","0.0","0.0","0.0","0.0","0.0","0","1","0","0","0","0","0","0","0","0","0","0"
"0","Delaware","1973420","Sullivan, Billy","12:1","1","0.0","0.0","0.0","0.0","0.0","0.0","0.0","0.0","0.0","0.0","0.0","0.0","0.0","0.0","0.0","0.0","0.0","0.0","0.0","1","0","0","0","0","0","0","0","0","0","0","0"
"0","Delaware","1973418","Bowren, Erik","2:3","3","0.0","1.0","12.0","2.0","1.0","0.0","3.0","0.0","0.0","0.0","0.0","0.0","1.0","4.0","0.0","0.0","0.0","0.0","0.0","0","0","0","3","0","0","0","0","0","0","0","0"
"0","Delaware","1865128","Conaway, Clay","15:1","1","0.0","0.0","0.0","0.0","0.0","0.0","0.0","0.0","0.0","0.0","0.0","0.0","0.0","0.0","0.0","0.0","0.0","0.0","0.0","1","0","0","0","0","0","0","0","0","0","0","0"
"0","Delaware","1667020","Vila, Colman","10:1, 11:1","2","0.0","0.0","0.0","0.0","0.0","0.0","0.0","0.0","0.0","0.0","0.0","0.0","0.0","0.0","0.0","0.0","0.0","0.0","0.0","2","0","0","0","0","0","0","0","0","0","0","0"
"0","Delaware","1751535","Meeker, James","10:1, 14:1","2","0.0","0.0","0.0","0.0","0.0","0.0","0.0","0.0","0.0","0.0","0.0","0.0","0.0","0.0","0.0","0.0","0.0","0.0","0.0","2","0","0","0","0","0","0","0","0","0","0","0"
"0","Delaware","1751532","Hinton, Kyle","11:1","1","0.0","0.0","0.0","0.0","0.0","0.0","0.0","0.0","0.0","0.0","0.0","0.0","0.0","0.0","0.0","0.0","0.0","0.0","0.0","1","0","0","0","0","0","0","0","0","0","0","0"
"0","Delaware","1865124","Hutchins, Jordan","7:3","3","0.0","1.0","10.0","4.0","0.0","1.0","6.0","0.0","3.0","1.0","0.0","0.0","0.0","3.0","1.0","0.0","0.0","1.0","0.0","0","0","0","0","0","3","0","0","0","0","0","0"
"0","Delaware","1639488","Scott, Calvin","6:3","3","0.0","1.0","10.0","5.0","0.0","1.0","7.0","0.0","3.0","0.0","0.0","1.0","0.0","1.0","1.0","0.0","0.0","1.0","0.0","0","0","0","0","0","0","3","0","0","0","0","0"
"0","Delaware","1865125","Reich, Andrew","11:1","1","0.0","0.0","1.0","0.0","0.0","0.0","0.0","0.0","0.0","0.0","0.0","0.0","0.0","0.0","0.0","0.0","0.0","0.0","0.0","0","0","0","0","0","0","0","0","0","0","1","0"
"0","Albany (NY)","1977534","Turco, Chris"
"0","Albany (NY)","1977502","Bird, Nick"
"0","Albany (NY)","1771130","Torres, Hunter"
"0","Albany (NY)","1640186","Hayden, Kenny"
"0","Albany (NY)","1771128","Spedafino, Angelo"
"0","Albany (NY)","1977529","Hernandez, Ryan"
"0","Albany (NY)","1771122","Lagravinese, Patrick"
"0","Albany (NY)","1977527","Gurnack, Josh"
"0","Albany (NY)","1771127","Savino, Dominic"
"0","Albany (NY)","1529850","Genovese, J.T."
"0","Albany (NY)","1771125","Powers, Connor"
"0","Albany (NY)","1977552","Takacs, Connor"
"0","Albany (NY)","1878156","Morrisroe, Connor"
"0","Albany (NY)","1878157","Smith, Brendan"
"0","Albany (NY)","1878158","Thul, Alex"
"0","Albany (NY)","1878159","Wangenstein, Marc"
"0","Albany (NY)","1977546","Malm, Brad"
"0","Albany (NY)","1771119","Donati, Kevin"
"0","Albany (NY)","1878153","Kondo, Nick"
"0","Albany (NY)","1771117","Codispoti, Matt"
"0","Albany (NY)","1878150","Clayton, John"
"0","Albany (NY)","1878151","Collins, Travis"
"0","Albany (NY)","1977536","Yankowski, Dan"
"0","Hofstra","1750009","O'Conner, Kevin","2:1","1","0.0","0.0","1.0","0.0","0.0","0.0","0.0","0.0","0.0","0.0","0.0","0.0","0.0","1.0","0.0","0.0","0.0","0.0","0.0","0","0","0","0","0","0","0","0","0","0","1","0"
"0","Hofstra","1981050","Jeffreys, Devon","9:1, 10:1","2","0.0","1.0","1.0","0.0","0.0","0.0","0.0","0.0","0.0","0.0","0.0","0.0","0.0","0.0","1.0","0.0","0.0","0.0","0.0","0","0","0","0","2","0","0","0","0","0","0","1"
"0","Hofstra","1750014","Mundy, Andrew","13:1","1","0.0","0.0","0.0","0.0","0.0","0.0","0.0","0.0","0.0","0.0","0.0","0.0","0.0","0.0","0.0","0.0","0.0","0.0","0.0","1","0","0","0","0","0","0","0","0","0","0","0"
"0","Hofstra","1981051","Page, Daniel","8:1, 10:1, 11:1","3","0.0","0.0","5.0","0.0","0.0","0.0","0.0","0.0","0.0","0.0","1.0","0.0","1.0","2.0","0.0","1.0","0.0","0.0","0.0","0","0","0","0","3","0","0","0","0","0","0","0"
"0","Hofstra","1750012","Cillis, Teddy","5:2, 13:1","3","0.0","1.0","9.0","3.0","0.0","0.0","6.0","1.0","1.0","1.0","0.0","0.0","0.0","4.0","0.0","0.0","0.0","0.0","0.0","1","0","0","0","0","0","0","0","2","1","0","0"
"0","Hofstra","1750013","Quinn, Parker","6:1, 7:1","2","0.0","1.0","5.0","1.0","0.0","0.0","1.0","0.0","0.0","0.0","0.0","0.0","0.0","2.0","0.0","0.0","0.0","0.0","0.0","0","0","0","0","0","0","0","0","0","2","0","0"
"0","Hofstra","1981049","Gauthier, Austin","2:1, 8:1, 11:1","3","0.0","0.0","8.0","2.0","0.0","0.0","2.0","0.0","1.0","2.0","0.0","0.0","1.0","1.0","0.0","0.0","0.0","0.0","0.0","0","0","0","0","0","3","0","0","0","0","0","0"
"0","Hofstra","1531803","Weissheier, Matt","14:1","1","0.0","0.0","0.0","0.0","0.0","0.0","0.0","0.0","0.0","0.0","0.0","0.0","0.0","0.0","0.0","0.0","0.0","0.0","0.0","1","0","0","0","0","0","0","0","0","0","0","0"
"0","Hofstra","1879315","Weissheier, Rob","6:2, 7:1","3","0.0","1.0","12.0","3.0","2.0","0.0","5.0","0.0","1.0","0.0","0.0","0.0","0.0","2.0","1.0","0.0","0.0","0.0","0.0","0","0","3","0","0","0","0","0","0","0","0","0"
"0","Hofstra","1981073","Siedem, Matt","7:1","1","0.0","1.0","4.0","1.0","0.0","0.0","1.0","0.0","0.0","0.0","0.0","0.0","0.0","1.0","1.0","0.0","0.0","0.0","0.0","0","1","0","0","0","0","0","0","0","0","0","0"
"0","Hofstra","1981070","Joyce, Jimmy","15:1","1","0.0","0.0","0.0","0.0","0.0","0.0","0.0","0.0","0.0","0.0","0.0","0.0","0.0","0.0","0.0","0.0","0.0","0.0","0.0","1","0","0","0","0","0","0","0","0","0","0","0"
"0","Hofstra","1879309","Costello, Vinnie","2:1, 3:1","2","0.0","0.0","7.0","1.0","0.0","0.0","1.0","0.0","1.0","0.0","0.0","1.0","0.0","6.0","0.0","0.0","0.0","0.0","0.0","0","0","0","0","0","0","2","0","0","0","0","0"
"0","Hofstra","1879310","Riesner, Mikey","3:2, 4:1","3","0.0","1.0","12.0","2.0","0.0","0.0","2.0","0.0","1.0","0.0","0.0","0.0","0.0","6.0","0.0","0.0","0.0","0.0","0.0","0","0","0","3","0","0","0","0","0","0","0","0"
"0","Hofstra","1879304","White, Tyler","9:1, 12:1","2","0.0","1.0","5.0","1.0","0.0","0.0","1.0","0.0","1.0","2.0","0.0","0.0","0.0","2.0","0.0","0.0","0.0","1.0","0.0","0","0","0","0","0","0","1","0","1","0","0","0"
"0","Hofstra","1879306","James, Michael","12:1","1","0.0","0.0","0.0","0.0","0.0","0.0","0.0","0.0","0.0","0.0","0.0","0.0","0.0","0.0","0.0","0.0","0.0","0.0","0.0","1","0","0","0","0","0","0","0","0","0","0","0"
"0","Hofstra","1750016","Friscia, Vito","4:2, 5:1","3","0.0","1.0","10.0","4.0","0.0","0.0","4.0","0.0","0.0","2.0","0.0","0.0","0.0","3.0","0.0","0.0","0.0","0.0","0.0","0","2","0","0","0","0","0","0","0","1","0","0"
"0","Hofstra","1879303","Smith, Justin","8:1, 9:1","2","0.0","0.0","1.0","0.0","0.0","0.0","0.0","0.0","0.0","1.0","0.0","0.0","0.0","1.0","0.0","0.0","0.0","0.0","0.0","0","0","0","0","0","0","0","0","0","0","2","0"
"0","Hofstra","1652261","Foster, Steven","1:3","3","0.0","1.0","12.0","1.0","1.0","0.0","2.0","0.0","0.0","1.0","0.0","0.0","0.0","2.0","0.0","0.0","0.0","0.0","0.0","0","0","0","0","0","0","0","3","0","0","0","0"
"0","Hofstra","1652260","Weiss, Chris","10:1, 14:1","2","0.0","0.0","0.0","0.0","0.0","0.0","0.0","0.0","0.0","0.0","0.0","0.0","0.0","0.0","0.0","0.0","0.0","0.0","0.0","2","0","0","0","0","0","0","0","0","0","0","0"
"0","Hofstra","1750021","Rooney, John","11:1","1","0.0","0.0","0.0","0.0","0.0","0.0","0.0","0.0","0.0","0.0","0.0","0.0","0.0","0.0","0.0","0.0","0.0","0.0","0.0","1","0","0","0","0","0","0","0","0","0","0","0"
"0","VMI","1770875","Eaton, Nathan"
"0","VMI","1659192","Barbery, Brandon"
"0","VMI","1884606","Tremblay, Derek"
"0","VMI","1770879","Smoot, Ryan"
"0","VMI","1986426","Cook, Noah"
"0","VMI","1770876","Huggins, Jake"
"0","VMI","1659185","Dunlevy, Matt"
"0","VMI","1659184","Jaye, Jacob"
"0","VMI","1884599","Diodato, Michael"
"0","VMI","1659189","Eagle, Matt"
"0","VMI","1659188","Fleischer, Collin"
"0","VMI","1659191","Maddox, Peyton"
"0","VMI","1770882","Pita, Matt"
"0","VMI","1544044","Malbon, Will"
"0","James Madison","1643273","Harlow, Colton","16:2, 18:1, 19:2, 15:3","8","0.0","0.0","0.0","0.0","0.0","0.0","0.0","0.0","0.0","0.0","0.0","0.0","0.0","0.0","0.0","0.0","0.0","0.0","0.0","8","0","0","0","0","0","0","0","0","0","0","0"
"0","James Madison","1870413","Griffin, Davonn","1:1, 2:7, 6:3, 7:2, 9:2, 10:5, 11:3, 12:1, 13:3","27","0.0","12.0","53.0","14.0","2.0","1.0","30.0","4.0","5.0","10.0","3.0","0.0","2.0","17.0","1.0","3.0","0.0","4.0","0.0","0","0","0","0","0","0","11","17","0","0","0","4"
"0","James Madison","1643272","McKay, Bradley","1:1, 3:1, 4:1, 5:1, 7:3, 8:2, 9:3, 10:2, 11:1, 12:2, 13:3, 14:1","21","0.0","3.0","53.0","10.0","2.0","0.0","12.0","0.0","6.0","6.0","6.0","1.0","2.0","14.0","2.0","1.0","0.0","0.0","0.0","0","0","0","2","17","3","0","0","0","0","0","0"
"0","James Madison","1870415","Dipasupil, Matt","7:1, 8:6, 9:3, 10:4, 11:3, 12:1, 13:2","20","0.0","6.0","50.0","13.0","1.0","0.0","14.0","0.0","7.0","3.0","1.0","0.0","3.0","13.0","0.0","2.0","0.0","0.0","0.0","0","0","0","17","0","0","0","0","0","1","4","2"
"0","James Madison","1643274","McCoy, Tucker","16:1, 17:2, 19:1, 12:1, 13:2, 14:1","8","0.0","0.0","0.0","0.0","0.0","0.0","0.0","0.0","0.0","0.0","0.0","0.0","0.0","0.0","0.0","0.0","0.0","0.0","0.0","8","0","0","0","0","0","0","0","0","0","0","0"
"0","James Madison","1643277","Sciorra, Michael","1:7, 2:2, 6:1, 9:1, 11:1","12","0.0","6.0","40.0","10.0","0.0","0.0","13.0","1.0","7.0","4.0","2.0","1.0","2.0","9.0","1.0","1.0","0.0","8.0","0.0","0","0","0","0","0","0","0","12","0","0","0","0"
"0","James Madison","1758478","Perkins, Shelton","17:2, 18:1, 10:2, 13:3, 14:2, 15:1","11","0.0","0.0","0.0","0.0","0.0","0.0","0.0","0.0","0.0","0.0","0.0","0.0","0.0","0.0","0.0","0.0","0.0","0.0","0.0","11","0","0","0","0","0","0","0","0","0","0","0"
"0","James Madison","1643276","Sisk, Adam","1:9, 2:8, 3:3, 4:5, 5:1, 6:1","27","0.0","17.0","104.0","25.0","4.0","1.0","40.0","3.0","12.0","12.0","5.0","1.0","2.0","26.0","2.0","3.0","0.0","5.0","0.0","0","0","0","0","0","0","0","0","27","0","0","0"
"0","James Madison","1997574","Richards, Garrett","17:1, 11:3, 12:1, 14:1, 15:1","7","0.0","0.0","0.0","0.0","0.0","0.0","0.0","0.0","0.0","0.0","0.0","0.0","0.0","0.0","0.0","0.0","0.0","0.0","0.0","7","0","0","0","0","0","0","0","0","0","0","0"
"0","James Madison","1997572","Morgan, Michael","2:3, 3:1, 5:6, 6:5, 7:1, 8:3, 9:2, 11:1","22","0.0","9.0","74.0","23.0","3.0","0.0","26.0","0.0","10.0","10.0","3.0","3.0","5.0","19.0","0.0","2.0","0.0","0.0","0.0","0","6","21","0","1","0","0","0","0","0","0","0"
"0","James Madison","1997573","Piccolino II, Anthony","4:2, 5:2, 6:2, 7:1, 9:2, 11:2","11","0.0","1.0","24.0","6.0","0.0","0.0","6.0","0.0","1.0","3.0","0.0","0.0","2.0","7.0","1.0","0.0","0.0","0.0","0.0","0","0","0","0","0","0","8","0","2","0","4","1"
"0","James Madison","1997570","Johnson, Hunter","6:1, 7:1, 8:2, 9:2, 10:2, 12:1, 14:1","10","0.0","3.0","17.0","4.0","1.0","0.0","8.0","1.0","1.0","5.0","1.0","0.0","0.0","8.0","1.0","0.0","0.0","0.0","0.0","0","0","0","0","5","0","0","0","0","3","4","0"
"0","James Madison","1772230","Tondi, Zach","4:5, 5:6, 6:1, 7:3, 8:4, 9:1, 11:2, 12:2","24","0.0","8.0","78.0","16.0","4.0","0.0","23.0","1.0","11.0","11.0","4.0","0.0","1.0","14.0","3.0","1.0","0.0","0.0","0.0","0","22","0","0","0","0","0","0","0","2","3","0"
"0","James Madison","1870465","Colon, Matt","16:3, 17:2, 12:3, 13:2, 15:4","14","0.0","0.0","0.0","0.0","0.0","0.0","0.0","0.0","0.0","0.0","0.0","0.0","0.0","0.0","0.0","0.0","0.0","0.0","0.0","14","0","0","0","0","0","0","0","0","0","0","0"
"0","James Madison","1772229","Marsili, Matt","17:1, 18:1, 12:1, 14:3, 15:1","7","0.0","0.0","0.0","0.0","0.0","0.0","0.0","0.0","0.0","0.0","0.0","0.0","0.0","0.0","0.0","0.0","0.0","0.0","0.0","7","0","0","0","0","0","0","0","0","0","0","0"
"0","James Madison","1997568","Campbell, Evan","16:1, 19:1","2","0.0","0.0","0.0","0.0","0.0","0.0","0.0","0.0","0.0","0.0","0.0","0.0","0.0","0.0","0.0","0.0","0.0","0.0","0.0","2","0","0","0","0","0","0","0","0","0","0","0"
"0","James Madison","1870460","Kelly, Kevin","16:1, 18:1, 12:1, 14:2, 15:1","6","0.0","0.0","0.0","0.0","0.0","0.0","0.0","0.0","0.0","0.0","0.0","0.0","0.0","0.0","0.0","0.0","0.0","0.0","0.0","6","0","0","0","0","0","0","0","0","0","0","0"
"0","James Madison","1997567","Ayer, Brett","16:1, 18:1, 11:1, 14:4, 15:1","8","0.0","0.0","0.0","0.0","0.0","0.0","0.0","0.0","0.0","0.0","0.0","0.0","0.0","0.0","0.0","0.0","0.0","0.0","0.0","8","0","0","0","0","0","0","0","0","0","0","0"
"0","James Madison","1870457","Vassar, Cam","17:1","1","0.0","0.0","0.0","0.0","0.0","0.0","0.0","0.0","0.0","0.0","0.0","0.0","0.0","0.0","0.0","0.0","0.0","0.0","0.0","1","0","0","0","0","0","0","0","0","0","0","0"
"0","James Madison","1997560","Stewart, Nick","17:1, 18:1, 19:3, 12:1, 15:2","8","0.0","0.0","0.0","0.0","0.0","0.0","0.0","0.0","0.0","0.0","0.0","0.0","0.0","0.0","0.0","0.0","0.0","0.0","0.0","8","0","0","0","0","0","0","0","0","0","0","0"
"0","James Madison","1870459","Robertson, Nick","16:2, 17:1, 18:2, 20:1, 11:1, 13:1, 14:2","10","0.0","0.0","0.0","0.0","0.0","0.0","0.0","0.0","0.0","0.0","0.0","0.0","0.0","0.0","0.0","0.0","0.0","0.0","0.0","10","0","0","0","0","0","0","0","0","0","0","0"
"0","James Madison","1870452","Bechtold, Michael","19:1, 12:2, 15:2","5","0.0","0.0","0.0","0.0","0.0","0.0","0.0","0.0","0.0","0.0","0.0","0.0","0.0","0.0","0.0","0.0","0.0","0.0","0.0","5","0","0","0","0","0","0","0","0","0","0","0"
"0","James Madison","1997558","McDonnell, Liam"
"0","James Madison","1997559","Showalter, Justin","16:1, 13:2, 15:1","4","0.0","0.0","0.0","0.0","0.0","0.0","0.0","0.0","0.0","0.0","0.0","0.0","0.0","0.0","0.0","0.0","0.0","0.0","0.0","4","0","0","0","0","0","0","0","0","0","0","0"
"0","James Madison","1870454","Brown, Harry","2:1, 3:10, 4:4, 5:1, 6:1, 7:3, 8:3, 10:1","24","0.0","15.0","76.0","23.0","6.0","0.0","35.0","2.0","10.0","16.0","1.0","0.0","0.0","27.0","1.0","1.0","0.0","2.0","0.0","0","0","2","0","0","0","15","0","0","6","3","0"
"0","James Madison","1997556","Jones, Josh","1:1, 2:1, 3:7, 4:3, 5:2, 6:1, 8:3, 9:2, 11:1, 12:2, 13:1, 14:1","25","0.0","14.0","95.0","32.0","5.0","1.0","42.0","1.0","14.0","10.0","1.0","0.0","1.0","20.0","0.0","1.0","0.0","7.0","0.0","0","0","0","0","0","25","0","0","0","0","0","0"
"0","James Madison","1870455","Semones, Fox","1:8, 2:5, 3:1, 4:2, 5:3, 6:1, 7:2, 8:1, 9:2, 10:1, 11:1","27","0.0","18.0","96.0","28.0","3.0","1.0","45.0","4.0","15.0","7.0","2.0","1.0","6.0","29.0","0.0","1.0","0.0","3.0","0.0","0","0","0","14","15","1","2","0","0","0","0","0"
"0","James Madison","1997557","Jones, Grayson","16:1, 18:2, 11:1, 14:1, 15:1","6","0.0","0.0","0.0","0.0","0.0","0.0","0.0","0.0","0.0","0.0","0.0","0.0","0.0","0.0","0.0","0.0","0.0","0.0","0.0","6","0","0","0","0","0","0","0","0","0","0","0"
"0","James Madison","1997554","Hartigan, Conor","3:2, 4:2, 5:2, 6:5, 7:2, 8:1, 9:1","15","0.0","9.0","58.0","16.0","3.0","1.0","24.0","1.0","7.0","4.0","1.0","0.0","0.0","13.0","1.0","1.0","0.0","3.0","0.0","0","0","0","0","0","0","0","0","0","14","1","0"
"0","James Madison","1772214","Dofflemyer, Tanner","3:1, 4:1, 5:2, 6:1, 7:3, 8:1, 9:1, 10:4, 12:3, 13:1, 14:1, 15:1","20","0.0","3.0","33.0","4.0","0.0","0.0","4.0","0.0","2.0","2.0","1.0","0.0","4.0","7.0","2.0","1.0","0.0","0.0","0.0","0","0","16","0","2","2","0","0","0","0","2","2"
"0","James Madison","1997555","Jackson, Dallas","3:1, 4:1, 6:1, 9:2, 11:1","6","0.0","2.0","1.0","0.0","0.0","0.0","0.0","0.0","0.0","0.0","0.0","0.0","0.0","0.0","0.0","0.0","0.0","1.0","0.0","0","0","0","0","0","0","0","0","0","0","0","6"
"0","James Madison","1870450","Hayes, Kyle","4:1, 5:1, 7:1, 8:1, 9:1, 10:4, 13:2, 15:1","12","0.0","2.0","12.0","1.0","0.0","0.0","1.0","0.0","1.0","4.0","1.0","0.0","0.0","5.0","0.0","0.0","0.0","0.0","0.0","0","12","0","0","0","0","0","0","0","0","0","0"
"0","James Madison","1997553","Goggin, Dan","16:1, 20:1, 11:2, 12:2, 13:2, 14:2","10","0.0","0.0","0.0","0.0","0.0","0.0","0.0","0.0","0.0","0.0","0.0","0.0","0.0","0.0","0.0","0.0","0.0","0.0","0.0","10","0","0","0","0","0","0","0","0","0","0","0"
"0","James Madison","1772212","Bourne, Christian","17:1, 12:2, 14:1","4","0.0","0.0","0.0","0.0","0.0","0.0","0.0","0.0","0.0","0.0","0.0","0.0","0.0","0.0","0.0","0.0","0.0","0.0","0.0","4","0","0","0","0","0","0","0","0","0","0","0"
"0","James Madison","1870451","Coale, Ryan","6:3, 7:4, 9:2, 10:2, 11:3, 12:1","15","0.0","4.0","38.0","10.0","3.0","0.0","13.0","0.0","3.0","3.0","0.0","1.0","0.0","11.0","1.0","0.0","0.0","0.0","0.0","0","0","0","0","0","0","8","0","0","2","5","0"
"0","George Mason","1982206","Brooks, Daniel","2:1","1","0.0","0.0","4.0","0.0","0.0","0.0","0.0","0.0","0.0","1.0","0.0","0.0","0.0","2.0","0.0","0.0","0.0","0.0","0.0","0","0","0","0","1","0","0","0","0","0","0","0"
"0","George Mason","1982207","Cabone, Austin"
"0","George Mason","1756185","Sturek, Frank","1:1","1","0.0","0.0","5.0","2.0","1.0","0.0","3.0","0.0","0.0","0.0","0.0","0.0","0.0","0.0","0.0","0.0","0.0","0.0","0.0","0","0","0","0","0","0","0","1","0","0","0","0"
"0","George Mason","1756114","Quinn, Tim","7:1","1","0.0","0.0","2.0","1.0","0.0","0.0","1.0","0.0","0.0","2.0","0.0","0.0","0.0","0.0","0.0","0.0","0.0","0.0","0.0","0","0","1","0","0","0","0","0","0","0","0","0"
"0","George Mason","1756113","Popatak, Greg"
"0","George Mason","1756118","Yost, Matthew","10:1","1","0.0","0.0","0.0","0.0","0.0","0.0","0.0","0.0","0.0","0.0","0.0","0.0","0.0","0.0","0.0","0.0","0.0","0.0","0.0","1","0","0","0","0","0","0","0","0","0","0","0"
"0","George Mason","1982226","Yuille, Michael"
"0","George Mason","1543898","Driscoll, Garett"
"0","George Mason","1756116","Tassone, Ryan","6:1","1","0.0","0.0","4.0","0.0","0.0","0.0","0.0","0.0","0.0","0.0","0.0","0.0","0.0","0.0","0.0","0.0","0.0","0.0","0.0","0","0","0","0","0","0","0","0","0","1","0","0"
"0","George Mason","1982225","Price, James","14:1","1","0.0","0.0","0.0","0.0","0.0","0.0","0.0","0.0","0.0","0.0","0.0","0.0","0.0","0.0","0.0","0.0","0.0","0.0","0.0","1","0","0","0","0","0","0","0","0","0","0","0"
"0","George Mason","1871564","Driscoll, Logan","3:1","1","0.0","0.0","3.0","1.0","0.0","0.0","1.0","0.0","0.0","1.0","0.0","0.0","0.0","1.0","0.0","0.0","0.0","1.0","0.0","0","0","0","0","0","0","0","0","1","0","0","0"
"0","George Mason","1649993","Turner, Timothy","11:1","1","0.0","0.0","0.0","0.0","0.0","0.0","0.0","0.0","0.0","0.0","0.0","0.0","0.0","0.0","0.0","0.0","0.0","0.0","0.0","1","0","0","0","0","0","0","0","0","0","0","0"
"0","George Mason","1649992","Smith, Michael"
"0","George Mason","1871562","Callahan, John","8:1","1","0.0","0.0","3.0","0.0","0.0","0.0","0.0","0.0","1.0","0.0","1.0","0.0","0.0","0.0","1.0","0.0","0.0","0.0","0.0","0","0","0","0","0","1","0","0","0","0","0","0"
"0","George Mason","1756109","Aponte, Alejandro","9:1","1","0.0","0.0","4.0","1.0","0.0","0.0","1.0","0.0","0.0","0.0","0.0","0.0","0.0","1.0","0.0","0.0","0.0","0.0","0.0","0","0","0","1","0","0","0","0","0","0","0","0"
"0","George Mason","1871563","DiCesare, Jared","12:1","1","0.0","0.0","0.0","0.0","0.0","0.0","0.0","0.0","0.0","0.0","0.0","0.0","0.0","0.0","0.0","0.0","0.0","0.0","0.0","1","0","0","0","0","0","0","0","0","0","0","0"
"0","George Mason","1649984","Acker, Brady"
"0","George Mason","1649989","Nelin, Tyler","5:1","1","0.0","1.0","4.0","1.0","1.0","0.0","2.0","0.0","0.0","0.0","0.0","0.0","0.0","0.0","0.0","0.0","0.0","0.0","0.0","0","1","0","0","0","0","0","0","0","0","0","0"
"0","George Mason","1649988","Kelly, Trevor","4:1","1","0.0","0.0","3.0","1.0","0.0","0.0","1.0","0.0","0.0","1.0","0.0","0.0","0.0","0.0","0.0","0.0","0.0","0.0","0.0","0","0","0","0","0","0","1","0","0","0","0","0"
"0","George Mason","1649991","Ricci, Ryan","13:1","1","0.0","0.0","0.0","0.0","0.0","0.0","0.0","0.0","0.0","0.0","0.0","0.0","0.0","0.0","0.0","0.0","0.0","0.0","0.0","1","0","0","0","0","0","0","0","0","0","0","0"
"0","Virginia","1867164","Richardson, Cayman","10:1","1","0.0","0.0","3.0","1.0","0.0","0.0","1.0","0.0","0.0","0.0","0.0","0.0","0.0","0.0","0.0","0.0","0.0","1.0","0.0","0","0","0","0","0","0","0","1","0","0","0","0"
"0","Virginia","1771993","Comer, Cameron","8:1","1","0.0","0.0","3.0","0.0","0.0","0.0","0.0","0.0","0.0","0.0","0.0","0.0","1.0","0.0","0.0","0.0","0.0","0.0","0.0","0","1","0","0","0","0","0","0","0","0","0","0"
"0","Virginia","1983420","Meyer, Mack","13:1","1","0.0","0.0","0.0","0.0","0.0","0.0","0.0","0.0","0.0","0.0","0.0","0.0","0.0","0.0","0.0","0.0","0.0","0.0","0.0","1","0","0","0","0","0","0","0","0","0","0","0"
"0","Virginia","1983419","Whitten, Kyle","11:1","1","0.0","0.0","0.0","0.0","0.0","0.0","0.0","0.0","0.0","0.0","0.0","0.0","0.0","0.0","0.0","0.0","0.0","0.0","0.0","1","0","0","0","0","0","0","0","0","0","0","0"
"0","Virginia","1867163","Nicholson, Bobby","15:1","1","0.0","0.0","0.0","0.0","0.0","0.0","0.0","0.0","0.0","0.0","0.0","0.0","0.0","0.0","0.0","0.0","0.0","0.0","0.0","1","0","0","0","0","0","0","0","0","0","0","0"
"0","Virginia","1771988","Eikhoff, Nate","5:1","1","0.0","0.0","3.0","1.0","0.0","0.0","1.0","0.0","1.0","0.0","0.0","0.0","1.0","0.0","0.0","0.0","0.0","0.0","0.0","0","0","1","0","0","0","0","0","0","0","0","0"
"0","Virginia","1867172","Knight, Caleb","4:1","1","0.0","1.0","3.0","1.0","0.0","0.0","1.0","0.0","0.0","0.0","1.0","0.0","0.0","1.0","0.0","0.0","0.0","0.0","0.0","0","0","0","0","0","0","0","0","0","1","0","0"
"0","Virginia","1983430","Abbott, Andrew","12:1","1","0.0","0.0","0.0","0.0","0.0","0.0","0.0","0.0","0.0","0.0","0.0","0.0","0.0","0.0","0.0","0.0","0.0","0.0","0.0","1","0","0","0","0","0","0","0","0","0","0","0"
"0","Virginia","1656673","Sousa, Bennett","14:1","1","0.0","0.0","0.0","0.0","0.0","0.0","0.0","0.0","0.0","0.0","0.0","0.0","0.0","0.0","0.0","0.0","0.0","0.0","0.0","1","0","0","0","0","0","0","0","0","0","0","0"
"0","Virginia","1983428","Morris, Tanner","1:1","1","0.0","0.0","4.0","0.0","0.0","0.0","0.0","0.0","1.0","0.0","0.0","1.0","0.0","1.0","0.0","0.0","0.0","0.0","0.0","0","0","0","0","0","1","0","0","0","0","0","0"
"0","Virginia","1656674","Cody, Charlie","6:1","1","0.0","0.0","2.0","0.0","0.0","0.0","0.0","0.0","0.0","1.0","0.0","0.0","1.0","1.0","0.0","1.0","0.0","0.0","0.0","0","0","0","0","0","0","1","0","0","0","0","0"
"0","Virginia","1983429","Tappen, Alex","7:1","1","0.0","1.0","2.0","1.0","0.0","0.0","1.0","0.0","1.0","1.0","0.0","1.0","0.0","0.0","0.0","0.0","0.0","1.0","0.0","0","0","0","0","0","0","0","0","1","0","0","0"
"0","Virginia","1656677","Novak, Justin","2:1","1","0.0","0.0","3.0","2.0","0.0","0.0","2.0","0.0","0.0","1.0","0.0","0.0","0.0","0.0","0.0","0.0","0.0","0.0","0.0","0","0","0","0","1","0","0","0","0","0","0","0"
"0","Virginia","1771972","Weber, Andy","3:1","1","0.0","1.0","4.0","1.0","0.0","0.0","1.0","0.0","0.0","0.0","0.0","0.0","0.0","0.0","0.0","0.0","0.0","0.0","0.0","0","0","0","1","0","0","0","0","0","0","0","0"
"0","Virginia","1983425","Papantonis, Andrew","9:1","1","0.0","0.0","0.0","0.0","0.0","0.0","0.0","0.0","0.0","0.0","1.0","0.0","0.0","0.0","0.0","0.0","0.0","0.0","0.0","0","0","0","0","0","0","0","0","0","0","1","0"
"0","Maryland","1982431","Barnett, Brad"
"0","Maryland","1982559","Vought, Justin","9:1","1","0.0","0.0","3.0","0.0","0.0","0.0","0.0","0.0","0.0","1.0","0.0","0.0","0.0","1.0","0.0","0.0","0.0","0.0","0.0","0","1","0","0","0","0","0","0","0","0","0","0"
"0","Maryland","1865529","Hill, Ryan","12:1","1","0.0","0.0","0.0","0.0","0.0","0.0","0.0","0.0","0.0","0.0","0.0","0.0","0.0","0.0","0.0","0.0","0.0","0.0","0.0","1","0","0","0","0","0","0","0","0","0","0","0"
"0","Maryland","1982552","DiLuia, Mark"
"0","Maryland","1982553","Fisher, Sean","11:1","1","0.0","0.0","0.0","0.0","0.0","0.0","0.0","0.0","0.0","0.0","0.0","0.0","0.0","0.0","0.0","0.0","0.0","0.0","0.0","1","0","0","0","0","0","0","0","0","0","0","0"
"0","Maryland","1982416","Alleyne, Chris"
"0","Maryland","1865522","Vasturia, Mike","10:1","1","0.0","0.0","0.0","0.0","0.0","0.0","0.0","0.0","0.0","0.0","0.0","0.0","0.0","0.0","0.0","0.0","0.0","0.0","0.0","1","0","0","0","0","0","0","0","0","0","0","0"
"0","Maryland","1865523","Watson, Will","5:1","1","0.0","1.0","3.0","2.0","0.0","0.0","5.0","1.0","2.0","0.0","1.0","0.0","0.0","0.0","0.0","0.0","0.0","0.0","0.0","0","0","0","0","0","0","0","0","0","1","0","0"
"0","Maryland","1754954","Costes, Marty","3:1","1","0.0","1.0","3.0","1.0","0.0","0.0","1.0","0.0","0.0","1.0","0.0","0.0","0.0","0.0","0.0","0.0","0.0","0.0","0.0","0","0","0","0","0","0","1","0","0","0","0","0"
"0","Maryland","1646249","Biondic, Kevin","4:1","1","0.0","2.0","4.0","2.0","0.0","1.0","4.0","0.0","1.0","0.0","0.0","0.0","0.0","0.0","0.0","0.0","0.0","0.0","0.0","0","0","1","0","0","0","0","0","0","0","0","0"
"0","Maryland","1982543","Gardiner, Tommy"
"0","Maryland","1646251","Jancarski, Zach","6:1","1","0.0","0.0","3.0","2.0","1.0","0.0","3.0","0.0","1.0","0.0","1.0","0.0","0.0","0.0","0.0","0.0","0.0","0.0","0.0","0","0","0","0","0","0","0","1","0","0","0","0"
"0","Maryland","1754953","Dunn, Nick","2:1","1","0.0","1.0","4.0","1.0","0.0","0.0","4.0","1.0","1.0","0.0","0.0","0.0","0.0","0.0","0.0","0.0","0.0","0.0","0.0","0","0","0","1","0","0","0","0","0","0","0","0"
"0","Maryland","1982570","Schiekofer, Richie"
"0","Maryland","1646253","Morris, Justin"
"0","Maryland","1982567","Phillips, Billy","14:1","1","0.0","0.0","0.0","0.0","0.0","0.0","0.0","0.0","0.0","0.0","0.0","0.0","0.0","0.0","0.0","0.0","0.0","0.0","0.0","1","0","0","0","0","0","0","0","0","0","0","0"
"0","Maryland","1982436","Burleson, Grant"
"0","Maryland","1754945","Murphy, John","13:1","1","0.0","0.0","0.0","0.0","0.0","0.0","0.0","0.0","0.0","0.0","0.0","0.0","0.0","0.0","0.0","0.0","0.0","0.0","0.0","1","0","0","0","0","0","0","0","0","0","0","0"
"0","Maryland","1754948","Lee, AJ","1:1","1","0.0","0.0","4.0","0.0","0.0","0.0","0.0","0.0","0.0","0.0","0.0","0.0","0.0","2.0","0.0","0.0","0.0","0.0","0.0","0","0","0","0","0","1","0","0","0","0","0","0"
"0","Maryland","1982561","Wright, Taylor","7:1","1","0.0","0.0","4.0","1.0","0.0","0.0","1.0","0.0","0.0","0.0","0.0","0.0","0.0","0.0","0.0","1.0","0.0","0.0","0.0","0","0","0","0","1","0","0","0","0","0","0","0"
"0","Maryland","1982401","Bednar, Randy","8:1","1","0.0","1.0","4.0","1.0","0.0","0.0","4.0","1.0","1.0","0.0","0.0","0.0","0.0","1.0","0.0","0.0","0.0","0.0","0.0","0","0","0","0","0","0","0","0","1","0","0","0"
"0","Towson","1868764","Cabrera, Noah","4:1, 7:1, 8:1","3","0.0","0.0","5.0","2.0","0.0","0.0","2.0","0.0","1.0","0.0","1.0","0.0","0.0","2.0","0.0","0.0","0.0","0.0","0.0","0","0","0","1","2","0","0","0","0","0","1","0"
"0","Towson","1531159","Gimblet, Colin","6:1, 7:1, 8:1","3","0.0","2.0","11.0","4.0","0.0","0.0","10.0","2.0","4.0","0.0","0.0","0.0","0.0","2.0","0.0","0.0","0.0","0.0","0.0","0","0","0","0","0","0","0","0","3","0","0","0"
"0","Towson","1868760","Burke, Logan","9:1, 11:1, 12:1","3","0.0","1.0","9.0","1.0","0.0","0.0","1.0","0.0","0.0","3.0","0.0","0.0","0.0","6.0","0.0","0.0","0.0","0.0","0.0","0","0","1","0","0","0","0","0","0","2","0","0"
"0","Towson","1979610","Enea, Joe","15:1","1","0.0","0.0","0.0","0.0","0.0","0.0","0.0","0.0","0.0","0.0","0.0","0.0","0.0","0.0","0.0","0.0","0.0","0.0","0.0","1","0","0","0","0","0","0","0","0","0","0","0"
"0","Towson","1979611","Brush, Aaron","4:1, 11:1","2","0.0","0.0","2.0","0.0","0.0","0.0","0.0","0.0","0.0","0.0","0.0","0.0","0.0","2.0","0.0","0.0","0.0","0.0","0.0","0","1","0","0","0","0","0","0","0","0","1","0"
"0","Towson","1868761","Reeser, Kody","15:1","1","0.0","0.0","0.0","0.0","0.0","0.0","0.0","0.0","0.0","0.0","0.0","0.0","0.0","0.0","0.0","0.0","0.0","0.0","0.0","1","0","0","0","0","0","0","0","0","0","0","0"
"0","Towson","1979608","Bossi, Drew","10:1, 12:1","2","0.0","1.0","2.0","0.0","0.0","0.0","0.0","0.0","0.0","0.0","0.0","0.0","1.0","1.0","0.0","0.0","0.0","0.0","0.0","0","2","0","0","0","0","0","0","0","0","0","1"
"0","Towson","1868756","Cassard, Andrew","4:1, 6:1, 8:1","3","0.0","1.0","3.0","0.0","0.0","0.0","0.0","0.0","0.0","0.0","0.0","0.0","0.0","2.0","0.0","0.0","0.0","0.0","0.0","0","0","0","0","0","0","2","0","1","0","0","1"
"0","Towson","1868757","Lennox, Billy","5:3","3","0.0","0.0","6.0","1.0","0.0","0.0","1.0","0.0","0.0","1.0","0.0","0.0","0.0","3.0","0.0","0.0","0.0","0.0","0.0","0","0","0","0","0","0","3","0","0","0","0","0"
"0","Towson","1979604","Seils, Josh","16:1","1","0.0","0.0","0.0","0.0","0.0","0.0","0.0","0.0","0.0","0.0","0.0","0.0","0.0","0.0","0.0","0.0","0.0","0.0","0.0","1","0","0","0","0","0","0","0","0","0","0","0"
"0","Towson","1979600","Pecilunas, Jake","15:1","1","0.0","0.0","0.0","0.0","0.0","0.0","0.0","0.0","0.0","0.0","0.0","0.0","0.0","0.0","0.0","0.0","0.0","0.0","0.0","1","0","0","0","0","0","0","0","0","0","0","0"
"0","Towson","1868755","Masters, Dirk","2:1, 7:1, 14:1","3","0.0","1.0","9.0","0.0","0.0","0.0","0.0","0.0","0.0","1.0","0.0","0.0","0.0","2.0","0.0","0.0","0.0","0.0","0.0","0","0","0","3","0","0","0","0","0","0","0","0"
"0","Towson","1658731","Marriggi, David","16:1","1","0.0","0.0","0.0","0.0","0.0","0.0","0.0","0.0","0.0","0.0","0.0","0.0","0.0","0.0","0.0","0.0","0.0","0.0","0.0","1","0","0","0","0","0","0","0","0","0","0","0"
"0","Towson","1637579","Watters, Charlie","10:2, 13:1","3","0.0","1.0","12.0","2.0","0.0","0.0","5.0","1.0","1.0","0.0","0.0","0.0","0.0","9.0","0.0","0.0","0.0","0.0","0.0","0","0","2","0","0","0","0","0","0","1","0","0"
"0","Towson","1979597","Weyman, Gavin","14:1","1","0.0","0.0","0.0","0.0","0.0","0.0","0.0","0.0","0.0","0.0","0.0","0.0","0.0","0.0","0.0","0.0","0.0","0.0","0.0","1","0","0","0","0","0","0","0","0","0","0","0"
"0","Towson","1767566","Miller, Richard","1:1, 9:2","3","0.0","0.0","6.0","2.0","1.0","0.0","3.0","0.0","1.0","2.0","0.0","0.0","1.0","1.0","0.0","0.0","0.0","0.0","0.0","0","0","0","0","3","0","0","0","0","0","0","0"
"0","Towson","1658732","Anderson, Mason","14:1","1","0.0","0.0","0.0","0.0","0.0","0.0","0.0","0.0","0.0","0.0","0.0","0.0","0.0","0.0","0.0","0.0","0.0","0.0","0.0","1","0","0","0","0","0","0","0","0","0","0","0"
"0","Towson","1658735","Howerton, Tristan","11:1, 12:1, 13:1","3","0.0","0.0","7.0","1.0","0.0","0.0","1.0","0.0","0.0","0.0","0.0","0.0","0.0","2.0","0.0","0.0","0.0","0.0","0.0","0","3","0","0","0","0","0","0","0","0","0","0"
"0","Towson","1767564","Stramara, Dean","17:1","1","0.0","0.0","0.0","0.0","0.0","0.0","0.0","0.0","0.0","0.0","0.0","0.0","0.0","0.0","0.0","0.0","0.0","0.0","0.0","1","0","0","0","0","0","0","0","0","0","0","0"
"0","Towson","1767565","Cuas, Alex","16:1","1","0.0","0.0","0.0","0.0","0.0","0.0","0.0","0.0","0.0","0.0","0.0","0.0","0.0","0.0","0.0","0.0","0.0","0.0","0.0","1","0","0","0","0","0","0","0","0","0","0","0"
"0","Towson","1772931","Alleyne, Craig","1:1, 3:1, 6:1","3","0.0","1.0","5.0","2.0","1.0","0.0","3.0","0.0","0.0","0.0","0.0","0.0","1.0","1.0","0.0","0.0","0.0","1.0","0.0","0","0","0","0","0","0","1","1","1","0","0","0"
"0","Towson","1658725","Grunberg, Mark","1:1, 2:1, 13:1","3","0.0","2.0","7.0","2.0","0.0","0.0","2.0","0.0","0.0","2.0","1.0","0.0","0.0","2.0","1.0","0.0","0.0","0.0","0.0","0","0","0","0","0","0","0","3","0","0","0","0"
"0","Towson","1767558","Palacios, Richie","2:1, 3:2","3","0.0","2.0","9.0","2.0","2.0","0.0","4.0","0.0","1.0","4.0","0.0","0.0","0.0","0.0","0.0","0.0","0.0","1.0","0.0","0","0","0","0","0","3","0","0","0","0","0","0"
"0","Northeastern","1755518","Murphy, Kyle"
"0","Northeastern","1755519","Solomon, Ryan"
"0","Northeastern","1755484","Misiaszek, Andrew"
"0","Northeastern","1532094","Perry, Zach"
"0","Northeastern","1755472","McConnell, Charlie"
"0","Northeastern","1755504","Mazza, John"
"0","Northeastern","1991604","Dufault, Brandon"
"0","Northeastern","1755505","Farrell, Jake"
"0","Northeastern","1638601","Geaslen, Michael"
"0","Northeastern","1755467","Walsh, Cam"
"0","Northeastern","1638605","Christian, Brian"
"0","Northeastern","1638604","Brown, Tyler"
"0","Northeastern","1638606","Burt, Max"
"0","Northeastern","1866276","Holzwasser, Scott"
"0","Northeastern","1866278","Stiehl, David"
"0","Northeastern","1866272","Fair, Ian"
"0","Northeastern","1866273","Mellen, Sean"
"0","Northeastern","1638599","Koppens, Mason"
"0","Northeastern","1866274","Peterson, Kyle"
"0","Northeastern","1866275","Winkler, Josh"
"0","Richmond","1863964","Miller, Tim","5:1","1","0.0","1.0","5.0","2.0","1.0","0.0","3.0","0.0","2.0","0.0","0.0","0.0","0.0","0.0","0.0","0.0","0.0","0.0","0.0","0","0","0","0","0","0","0","0","0","1","0","0"
"0","Richmond","1863965","Capra, Vinny","2:1","1","0.0","1.0","2.0","0.0","0.0","0.0","0.0","0.0","0.0","3.0","0.0","0.0","0.0","0.0","0.0","0.0","0.0","0.0","0.0","0","0","0","0","0","1","0","0","0","0","0","0"
"0","Richmond","1977500","DeLarso, Jarrad","14:1","1","0.0","0.0","0.0","0.0","0.0","0.0","0.0","0.0","0.0","0.0","0.0","0.0","0.0","0.0","0.0","0.0","0.0","0.0","0.0","1","0","0","0","0","0","0","0","0","0","0","0"
"0","Richmond","1774367","Light, Dalton","13:1","1","0.0","0.0","0.0","0.0","0.0","0.0","0.0","0.0","0.0","0.0","0.0","0.0","0.0","0.0","0.0","0.0","0.0","0.0","0.0","1","0","0","0","0","0","0","0","0","0","0","0"
"0","Richmond","1863962","Schipper, Lowell","15:1","1","0.0","0.0","0.0","0.0","0.0","0.0","0.0","0.0","0.0","0.0","0.0","0.0","0.0","0.0","0.0","0.0","0.0","0.0","0.0","1","0","0","0","0","0","0","0","0","0","0","0"
"0","Richmond","1977525","Forte, Anthony","9:1","1","0.0","1.0","4.0","1.0","0.0","0.0","1.0","0.0","0.0","0.0","0.0","0.0","0.0","2.0","0.0","0.0","0.0","0.0","0.0","0","0","0","0","0","0","0","1","0","0","0","0"
"0","Richmond","1977493","Lowe, Collin","11:1","1","0.0","0.0","0.0","0.0","0.0","0.0","0.0","0.0","0.0","0.0","0.0","0.0","0.0","0.0","0.0","0.0","0.0","0.0","0.0","1","0","0","0","0","0","0","0","0","0","0","0"
"0","Richmond","1977459","Balducci, Antonio","10:1","1","0.0","0.0","0.0","0.0","0.0","0.0","0.0","0.0","0.0","0.0","0.0","0.0","0.0","0.0","0.0","0.0","0.0","0.0","0.0","1","0","0","0","0","0","0","0","0","0","0","0"
"0","Richmond","1645899","Johnson, Brandon","8:1","1","0.0","0.0","2.0","0.0","0.0","0.0","0.0","0.0","0.0","1.0","0.0","0.0","1.0","0.0","0.0","0.0","0.0","0.0","0.0","0","1","0","0","0","0","0","0","0","0","0","0"
"0","Richmond","1977517","Bruhl, Sage","6:1","1","0.0","0.0","3.0","1.0","1.0","0.0","2.0","0.0","0.0","0.0","1.0","0.0","0.0","0.0","0.0","0.0","0.0","0.0","0.0","0","0","0","0","0","0","0","0","1","0","0","0"
"0","Richmond","1645900","Lee, D.J.","1:1","1","0.0","0.0","5.0","1.0","1.0","0.0","2.0","0.0","1.0","0.0","0.0","0.0","0.0","1.0","1.0","0.0","0.0","0.0","0.0","0","0","0","0","0","0","1","0","0","0","0","0"
"0","Richmond","1645893","Adams, Kyle","4:1","1","0.0","1.0","4.0","1.0","0.0","0.0","1.0","0.0","1.0","1.0","0.0","0.0","0.0","0.0","0.0","0.0","0.0","0.0","0.0","0","0","1","0","0","0","0","0","0","0","0","0"
"0","Richmond","1645895","Brumbaugh, Daniel","3:1","1","0.0","1.0","5.0","2.0","0.0","0.0","2.0","0.0","0.0","0.0","0.0","0.0","0.0","1.0","1.0","0.0","0.0","0.0","0.0","0","0","0","1","0","0","0","0","0","0","0","0"
"0","Richmond","1863970","Hulbert, James","12:1","1","0.0","0.0","0.0","0.0","0.0","0.0","0.0","0.0","0.0","0.0","0.0","0.0","0.0","0.0","0.0","0.0","0.0","0.0","0.0","1","0","0","0","0","0","0","0","0","0","0","0"
"0","Richmond","1863971","Cook, Justin","7:1","1","0.0","1.0","3.0","1.0","0.0","0.0","1.0","0.0","1.0","1.0","0.0","0.0","0.0","0.0","0.0","0.0","0.0","0.0","0.0","0","0","0","0","1","0","0","0","0","0","0","0"
